"","states2","states3","states4"
"1",1,1,1
"2",1,1,2
"3",1,1,2
"4",2,2,4
"5",2,2,4
"6",2,2,4
"7",2,2,2
"8",2,2,2
"9",2,2,2
"10",2,2,2
"11",1,2,2
"12",1,1,1
"13",1,1,1
"14",1,1,1
"15",2,2,2
"16",2,2,4
"17",2,2,4
"18",2,3,4
"19",2,3,4
"20",2,3,4
"21",2,3,4
"22",2,3,4
"23",2,3,4
"24",2,3,4
"25",2,3,4
"26",2,2,2
"27",2,2,2
"28",2,2,2
"29",2,2,2
"30",2,2,2
"31",2,2,2
"32",2,3,4
"33",2,3,4
"34",2,3,4
"35",2,3,4
"36",2,3,4
"37",2,3,4
"38",2,3,4
"39",2,3,4
"40",2,3,4
"41",2,2,4
"42",2,2,2
"43",2,2,2
"44",2,2,2
"45",2,2,4
"46",2,3,4
"47",2,3,4
"48",2,3,4
"49",2,3,4
"50",2,3,4
"51",2,3,4
"52",2,3,4
"53",2,3,4
"54",2,3,4
"55",2,2,2
"56",2,2,2
"57",2,2,2
"58",2,3,4
"59",2,3,4
"60",2,3,4
"61",2,3,4
"62",2,3,4
"63",2,3,4
"64",2,3,4
"65",2,3,3
"66",2,3,4
"67",2,2,2
"68",2,2,2
"69",2,2,4
"70",2,2,2
"71",2,2,2
"72",2,2,2
"73",2,2,2
"74",2,2,4
"75",2,2,4
"76",2,2,4
"77",2,3,4
"78",2,3,4
"79",2,3,4
"80",2,3,4
"81",2,3,4
"82",2,3,4
"83",2,2,2
"84",2,2,2
"85",2,2,2
"86",2,2,2
"87",2,2,2
"88",2,2,2
"89",1,2,2
"90",1,2,2
"91",1,2,2
"92",1,1,1
"93",1,1,1
"94",1,1,1
"95",1,1,1
"96",1,1,1
"97",1,1,1
"98",1,1,1
"99",1,2,2
"100",2,2,4
"101",2,2,4
"102",2,2,4
"103",2,2,2
"104",1,1,2
"105",1,1,2
"106",1,1,2
"107",1,2,2
"108",1,2,2
"109",2,3,4
"110",2,3,4
"111",2,3,4
"112",2,3,4
"113",2,3,4
"114",2,3,4
"115",1,2,2
"116",1,2,2
"117",1,2,2
"118",1,2,2
"119",1,2,2
"120",1,2,2
"121",1,2,2
"122",1,2,2
"123",1,2,2
"124",1,1,2
"125",1,1,2
"126",1,1,2
"127",1,1,2
"128",1,1,1
"129",1,1,1
"130",1,1,1
"131",1,1,1
"132",1,1,1
"133",1,1,2
"134",1,1,2
"135",1,1,2
"136",1,1,1
"137",1,1,1
"138",1,1,1
"139",1,1,1
"140",1,1,1
"141",1,1,1
"142",1,1,1
"143",1,1,1
"144",1,1,1
"145",1,1,1
"146",1,1,1
"147",1,2,2
"148",1,2,2
"149",1,2,2
"150",2,3,4
"151",2,3,4
"152",2,3,4
"153",2,3,4
"154",2,3,4
"155",2,3,4
"156",2,2,2
"157",1,1,1
"158",1,1,1
"159",1,1,1
"160",1,1,1
"161",1,1,1
"162",1,1,1
"163",1,1,1
"164",1,1,2
"165",1,1,2
"166",1,1,2
"167",1,1,1
"168",1,1,1
"169",1,2,2
"170",2,2,4
"171",2,2,4
"172",2,2,4
"173",2,2,2
"174",2,2,2
"175",2,2,1
"176",2,2,2
"177",2,2,4
"178",2,2,4
"179",2,2,4
"180",2,2,4
"181",2,2,4
"182",2,2,4
"183",2,2,4
"184",2,2,4
"185",2,2,4
"186",2,2,4
"187",1,1,1
"188",1,1,1
"189",1,1,1
"190",1,1,1
"191",1,2,2
"192",1,2,4
"193",1,2,2
"194",1,1,1
"195",1,1,1
"196",1,1,1
"197",1,1,1
"198",1,2,2
"199",2,2,4
"200",2,2,4
"201",2,2,4
"202",2,2,4
"203",2,2,4
"204",2,2,4
"205",2,2,2
"206",2,2,2
"207",2,3,4
"208",2,3,4
"209",2,2,2
"210",2,2,2
"211",2,3,4
"212",2,3,4
"213",2,3,4
"214",2,2,2
"215",2,2,2
"216",2,2,4
"217",2,2,4
"218",1,2,2
"219",1,1,1
"220",1,1,1
"221",2,2,2
"222",2,2,2
"223",2,2,4
"224",2,2,4
"225",2,2,4
"226",2,2,4
"227",2,2,4
"228",2,2,2
"229",2,2,2
"230",1,2,2
"231",1,2,2
"232",1,2,2
"233",1,2,2
"234",1,1,2
"235",1,1,1
"236",1,1,1
"237",1,1,1
"238",1,2,2
"239",1,2,2
"240",1,2,2
"241",1,1,1
"242",1,1,1
"243",1,1,1
"244",1,1,1
"245",1,1,1
"246",1,1,1
"247",1,2,2
"248",1,2,2
"249",1,2,2
"250",1,2,2
"251",1,2,2
"252",1,2,2
"253",1,2,2
"254",1,1,1
"255",1,1,1
"256",1,1,1
"257",1,1,1
"258",1,1,1
"259",1,1,1
"260",1,1,1
"261",1,1,1
"262",1,1,1
"263",1,1,2
"264",1,1,2
"265",1,1,2
"266",2,2,2
"267",2,2,4
"268",2,2,4
"269",1,1,2
"270",1,1,2
"271",1,1,2
"272",1,1,1
"273",1,1,1
"274",1,1,1
"275",2,2,2
"276",2,3,4
"277",2,3,4
"278",2,2,4
"279",2,2,4
"280",2,2,4
"281",2,2,4
"282",2,2,4
"283",2,2,2
"284",2,2,2
"285",2,2,2
"286",1,2,2
"287",1,2,2
"288",1,2,2
"289",1,2,2
"290",1,2,2
"291",1,2,2
"292",1,2,2
"293",2,2,4
"294",2,2,2
"295",2,2,2
"296",2,2,2
"297",1,2,2
"298",1,1,1
"299",1,1,1
"300",1,1,1
"301",1,2,2
"302",2,2,4
"303",2,3,4
"304",2,3,4
"305",2,3,4
"306",2,3,4
"307",2,3,4
"308",2,3,4
"309",2,3,3
"310",2,3,3
"311",2,3,4
"312",2,2,2
"313",2,2,2
"314",2,2,2
"315",2,2,2
"316",2,3,4
"317",2,3,4
"318",2,2,2
"319",2,2,2
"320",2,3,4
"321",2,3,4
"322",2,3,4
"323",2,3,4
"324",2,3,4
"325",2,3,4
"326",2,2,2
"327",1,1,1
"328",1,1,1
"329",1,1,1
"330",1,2,2
"331",2,2,4
"332",2,3,4
"333",2,3,4
"334",2,2,4
"335",1,1,2
"336",1,1,1
"337",1,1,1
"338",1,1,1
"339",1,1,1
"340",1,1,1
"341",1,1,1
"342",1,1,1
"343",1,1,1
"344",1,1,1
"345",2,2,2
"346",2,2,4
"347",2,2,4
"348",2,3,4
"349",2,3,2
"350",2,3,4
"351",2,3,4
"352",2,3,4
"353",2,2,2
"354",2,2,2
"355",2,2,2
"356",2,2,4
"357",2,3,4
"358",2,3,4
"359",2,3,4
"360",2,3,4
"361",2,3,4
"362",2,3,4
"363",1,1,2
"364",1,1,2
"365",1,1,1
"366",1,1,1
"367",1,2,2
"368",2,3,4
"369",2,3,4
"370",2,3,4
"371",2,2,4
"372",2,2,2
"373",2,2,2
"374",2,2,2
"375",1,2,2
"376",1,2,2
"377",1,2,2
"378",1,2,2
"379",1,2,2
"380",1,2,2
"381",1,2,2
"382",1,2,2
"383",1,2,2
"384",1,2,2
"385",1,2,2
"386",1,2,2
"387",1,1,1
"388",1,1,1
"389",1,2,2
"390",1,2,2
"391",1,2,2
"392",1,2,2
"393",2,2,2
"394",2,2,2
"395",2,2,4
"396",2,3,4
"397",2,3,4
"398",2,3,4
"399",2,3,4
"400",2,3,4
"401",2,3,4
"402",2,3,4
"403",2,3,4
"404",1,1,1
"405",1,1,1
"406",1,1,1
"407",1,1,2
"408",2,2,4
"409",2,2,4
"410",2,2,4
"411",2,2,4
"412",2,2,4
"413",2,2,4
"414",2,2,4
"415",1,2,2
"416",1,2,2
"417",1,2,2
"418",1,2,2
"419",1,2,2
"420",1,2,2
"421",1,2,2
"422",1,2,2
"423",1,2,2
"424",2,2,2
"425",2,3,4
"426",2,3,4
"427",2,3,4
"428",2,3,4
"429",2,3,4
"430",2,3,4
"431",2,3,4
"432",2,3,4
"433",2,3,4
"434",2,3,4
"435",2,2,3
"436",2,2,3
"437",2,3,3
"438",2,3,4
"439",2,3,4
"440",1,2,2
"441",1,2,2
"442",1,2,2
"443",1,2,2
"444",1,2,2
"445",1,1,1
"446",1,1,1
"447",1,2,2
"448",2,2,4
"449",2,2,4
"450",1,2,2
"451",1,2,2
"452",1,2,2
"453",1,2,2
"454",1,2,2
"455",1,2,2
"456",1,2,2
"457",2,2,4
"458",2,2,4
"459",2,2,2
"460",2,2,2
"461",2,2,2
"462",2,2,2
"463",2,2,2
"464",2,2,2
"465",2,2,2
"466",1,2,2
"467",1,2,2
"468",1,2,2
"469",1,2,2
"470",1,2,2
"471",2,2,2
"472",2,3,4
"473",2,3,4
"474",2,2,4
"475",2,2,4
"476",2,2,2
"477",1,2,2
"478",1,1,1
"479",1,1,1
"480",1,1,1
"481",1,2,2
"482",1,2,2
"483",1,2,2
"484",1,2,2
"485",1,2,2
"486",1,2,2
"487",1,2,2
"488",1,2,2
"489",1,2,2
"490",1,2,2
"491",1,1,1
"492",1,1,1
"493",1,2,2
"494",1,2,2
"495",1,2,2
"496",1,1,2
"497",1,1,1
"498",1,1,1
"499",1,1,1
"500",1,1,1
"501",1,1,1
"502",1,1,1
"503",1,1,1
"504",1,1,1
"505",1,2,2
"506",1,2,2
"507",1,2,2
"508",1,2,4
"509",1,2,4
"510",1,2,2
"511",1,2,2
"512",1,2,2
"513",1,2,2
"514",1,1,1
"515",1,1,1
"516",1,1,1
"517",1,1,1
"518",1,1,1
"519",1,2,2
"520",1,2,2
"521",2,2,2
"522",2,2,2
"523",2,2,4
"524",2,3,4
"525",2,3,4
"526",2,3,4
"527",2,3,4
"528",2,3,4
"529",2,3,4
"530",2,2,2
"531",2,2,2
"532",2,2,2
"533",2,2,2
"534",1,2,2
"535",1,2,2
"536",1,2,2
"537",1,2,2
"538",1,2,2
"539",1,2,2
"540",1,2,2
"541",1,2,2
"542",2,2,2
"543",2,2,4
"544",2,2,4
"545",2,2,4
"546",2,2,4
"547",2,2,4
"548",2,3,4
"549",2,3,4
"550",2,3,4
"551",2,3,4
"552",2,2,2
"553",2,2,2
"554",2,2,2
"555",2,3,4
"556",2,2,4
"557",1,1,1
"558",1,1,1
"559",1,1,1
"560",2,2,2
"561",2,2,4
"562",2,2,2
"563",2,2,2
"564",2,2,2
"565",2,2,2
"566",1,1,2
"567",1,1,1
"568",1,1,1
"569",1,2,2
"570",2,2,4
"571",2,2,4
"572",2,2,2
"573",1,1,2
"574",1,1,2
"575",1,1,2
"576",2,2,4
"577",2,2,4
"578",2,2,4
"579",2,2,4
"580",2,2,4
"581",2,2,2
"582",2,2,4
"583",2,2,4
"584",1,2,2
"585",1,1,1
"586",1,1,1
"587",1,1,1
"588",1,1,1
"589",1,1,2
"590",1,1,2
"591",1,1,1
"592",1,1,1
"593",1,1,1
"594",1,1,1
"595",1,1,1
"596",1,1,2
"597",1,2,4
"598",1,2,4
"599",1,2,2
"600",1,1,1
"601",1,1,1
"602",1,1,1
"603",1,1,1
"604",1,1,1
"605",1,1,1
"606",1,1,1
"607",1,1,1
"608",1,1,2
"609",1,1,2
"610",1,1,2
"611",1,1,2
"612",1,2,2
"613",1,2,2
"614",1,2,2
"615",1,1,1
"616",1,1,1
"617",1,1,1
"618",1,1,1
"619",1,1,1
"620",1,1,1
"621",1,1,1
"622",1,1,1
"623",1,1,1
"624",1,1,1
"625",1,2,2
"626",1,2,2
"627",1,2,2
"628",1,2,2
"629",1,2,2
"630",1,2,2
"631",1,2,2
"632",1,2,2
"633",1,1,2
"634",1,1,2
"635",1,1,2
"636",1,1,2
"637",1,1,2
"638",1,1,2
"639",1,1,1
"640",1,1,1
"641",1,1,1
"642",1,2,2
"643",1,2,2
"644",1,2,2
"645",1,2,2
"646",1,2,2
"647",1,2,2
"648",1,2,2
"649",1,2,2
"650",1,1,2
"651",1,1,2
"652",1,1,2
"653",1,1,1
"654",1,1,1
"655",1,1,1
"656",1,1,1
"657",1,1,1
"658",1,1,1
"659",1,1,1
"660",1,2,2
"661",2,2,2
"662",2,3,4
"663",2,3,4
"664",2,2,2
"665",2,2,2
"666",2,2,2
"667",2,2,2
"668",2,2,2
"669",2,2,2
"670",2,2,4
"671",2,2,4
"672",2,2,4
"673",2,2,2
"674",1,1,1
"675",1,1,1
"676",1,1,1
"677",1,1,1
"678",1,2,2
"679",2,3,4
"680",2,3,4
"681",2,3,4
"682",2,3,4
"683",2,3,4
"684",2,3,4
"685",2,3,4
"686",2,2,2
"687",2,2,2
"688",2,2,2
"689",2,2,2
"690",2,2,4
"691",2,2,4
"692",2,2,4
"693",1,2,2
"694",1,2,2
"695",1,2,2
"696",1,2,2
"697",1,2,2
"698",1,2,2
"699",1,2,2
"700",1,2,2
"701",1,2,2
"702",1,2,2
"703",1,2,2
"704",1,2,2
"705",1,2,2
"706",1,2,2
"707",1,1,2
"708",1,1,2
"709",1,1,2
"710",1,1,2
"711",1,1,2
"712",1,1,1
"713",1,1,1
"714",1,1,1
"715",2,2,2
"716",2,2,4
"717",2,2,4
"718",2,2,4
"719",2,2,2
"720",2,2,2
"721",1,1,1
"722",1,2,2
"723",1,2,2
"724",1,2,2
"725",1,2,2
"726",2,2,4
"727",2,2,4
"728",2,2,4
"729",2,2,4
"730",2,2,4
"731",2,2,4
"732",2,2,2
"733",2,2,2
"734",2,2,4
"735",2,2,4
"736",2,3,4
"737",2,3,4
"738",2,3,4
"739",2,3,4
"740",2,3,4
"741",2,3,4
"742",2,3,2
"743",2,3,4
"744",2,3,4
"745",2,2,2
"746",2,2,2
"747",2,3,4
"748",2,3,4
"749",2,3,4
"750",2,3,4
"751",2,3,4
"752",2,3,4
"753",2,3,4
"754",2,3,4
"755",2,3,4
"756",2,2,4
"757",2,2,4
"758",2,2,2
"759",2,2,2
"760",2,2,2
"761",2,3,4
"762",2,3,4
"763",2,3,4
"764",2,3,4
"765",2,3,4
"766",2,3,4
"767",2,3,4
"768",2,3,4
"769",2,3,4
"770",2,3,4
"771",2,3,4
"772",2,3,4
"773",2,3,4
"774",2,3,4
"775",2,3,4
"776",2,3,4
"777",2,3,4
"778",2,3,4
"779",2,2,4
"780",2,2,4
"781",2,2,2
"782",2,2,4
"783",2,3,4
"784",2,3,4
"785",2,3,4
"786",2,3,4
"787",2,3,4
"788",2,3,4
"789",2,3,4
"790",2,3,4
"791",2,2,4
"792",2,2,4
"793",2,2,2
"794",2,2,2
"795",2,2,2
"796",2,3,4
"797",2,3,4
"798",2,3,4
"799",2,3,4
"800",2,3,4
"801",2,3,4
"802",2,3,4
"803",2,3,4
"804",2,3,4
"805",2,3,3
"806",2,3,4
"807",2,3,4
"808",2,3,4
"809",2,3,4
"810",2,3,4
"811",2,3,4
"812",2,3,4
"813",2,3,4
"814",2,3,4
"815",2,3,4
"816",2,3,4
"817",1,2,2
"818",1,2,2
"819",1,2,2
"820",2,3,4
"821",2,3,4
"822",2,3,4
"823",2,3,4
"824",2,3,4
"825",2,2,4
"826",2,2,4
"827",2,2,4
"828",2,2,4
"829",2,3,4
"830",2,3,4
"831",2,3,4
"832",2,2,4
"833",2,2,2
"834",2,2,2
"835",2,2,4
"836",2,3,4
"837",2,3,4
"838",2,3,4
"839",2,3,4
"840",2,3,4
"841",2,3,4
"842",2,3,4
"843",2,3,4
"844",2,3,4
"845",2,3,4
"846",1,2,2
"847",1,2,2
"848",1,2,2
"849",1,2,2
"850",2,3,4
"851",2,3,4
"852",2,3,4
"853",2,2,4
"854",1,2,2
"855",1,2,2
"856",1,1,2
"857",1,1,2
"858",1,1,1
"859",1,1,1
"860",1,1,1
"861",1,1,1
"862",1,1,1
"863",1,2,2
"864",2,3,4
"865",2,3,4
"866",2,3,4
"867",2,3,4
"868",2,3,4
"869",2,3,4
"870",2,3,4
"871",2,3,4
"872",2,3,4
"873",2,3,4
"874",2,3,4
"875",2,3,4
"876",2,3,4
"877",2,2,2
"878",2,2,2
"879",2,2,2
"880",2,2,2
"881",2,2,4
"882",2,2,4
"883",2,2,2
"884",2,2,2
"885",2,2,4
"886",2,3,4
"887",2,3,4
"888",2,3,4
"889",2,3,4
"890",2,3,4
"891",2,2,4
"892",2,2,2
"893",2,2,2
"894",1,2,2
"895",1,1,1
"896",1,1,1
"897",1,1,2
"898",1,2,2
"899",2,2,4
"900",2,2,4
"901",2,2,4
"902",2,2,4
"903",2,2,4
"904",2,2,2
"905",2,2,2
"906",2,3,4
"907",2,3,4
"908",1,2,2
"909",1,1,2
"910",1,1,2
"911",1,1,1
"912",1,1,1
"913",1,1,1
"914",1,2,2
"915",1,2,2
"916",1,2,2
"917",1,2,2
"918",1,2,2
"919",1,2,2
"920",1,2,2
"921",1,2,2
"922",1,2,2
"923",1,2,2
"924",1,2,2
"925",1,2,2
"926",1,2,2
"927",1,2,2
"928",2,2,4
"929",2,2,2
"930",2,2,2
"931",2,2,2
"932",2,2,2
"933",2,2,4
"934",2,2,4
"935",2,2,4
"936",2,2,4
"937",2,2,2
"938",2,2,2
"939",2,3,4
"940",2,3,4
"941",2,3,4
"942",2,3,4
"943",2,2,2
"944",1,2,2
"945",1,2,2
"946",1,2,2
"947",1,2,2
"948",1,1,1
"949",1,1,1
"950",1,1,1
"951",1,2,2
"952",1,2,2
"953",1,2,2
"954",1,1,1
"955",1,1,1
"956",1,1,1
"957",1,1,1
"958",1,1,1
"959",1,1,1
"960",1,1,2
"961",1,1,1
"962",1,1,1
"963",1,1,1
"964",1,2,2
"965",1,2,2
"966",1,2,2
"967",1,2,2
"968",1,2,2
"969",1,2,2
"970",1,2,2
"971",1,1,1
"972",1,1,1
"973",1,1,1
"974",1,1,1
"975",1,1,1
"976",1,1,1
"977",1,2,2
"978",1,2,2
"979",1,1,1
"980",1,1,1
"981",1,1,1
"982",1,1,1
"983",1,2,2
"984",2,2,2
"985",2,2,2
"986",2,2,2
"987",2,2,2
"988",2,2,2
"989",2,2,2
"990",2,2,2
"991",2,2,2
"992",2,2,2
"993",2,2,4
"994",2,2,4
"995",2,2,4
"996",2,3,4
"997",2,3,3
"998",2,3,4
"999",2,3,4
"1000",2,3,4
"1001",2,3,4
"1002",2,3,4
"1003",2,3,4
"1004",2,3,4
"1005",2,2,4
"1006",2,2,4
"1007",2,2,2
"1008",2,2,2
"1009",2,2,2
"1010",2,2,2
"1011",2,2,2
"1012",1,1,1
"1013",1,1,1
"1014",1,1,1
"1015",1,1,1
"1016",1,1,1
"1017",1,1,1
"1018",1,2,2
"1019",1,2,2
"1020",1,2,2
"1021",2,2,4
"1022",2,2,4
"1023",2,2,4
"1024",2,2,2
"1025",2,2,2
"1026",1,2,2
"1027",1,2,2
"1028",1,2,2
"1029",1,2,2
"1030",1,2,2
"1031",1,2,2
"1032",1,1,1
"1033",1,1,1
"1034",1,1,1
"1035",1,1,1
"1036",1,2,2
"1037",1,2,2
"1038",1,2,2
"1039",1,2,2
"1040",2,2,4
"1041",2,2,4
"1042",2,2,4
"1043",2,2,4
"1044",2,2,4
"1045",2,2,4
"1046",2,2,4
"1047",2,2,4
"1048",2,3,4
"1049",2,3,4
"1050",2,3,4
"1051",1,2,2
"1052",1,1,1
"1053",1,1,1
"1054",1,1,1
"1055",1,1,1
"1056",1,2,2
"1057",2,3,4
"1058",2,3,4
"1059",2,3,4
"1060",2,3,4
"1061",2,2,4
"1062",1,2,2
"1063",1,2,2
"1064",1,2,2
"1065",1,2,2
"1066",1,2,2
"1067",1,2,2
"1068",1,2,2
"1069",1,2,2
"1070",1,2,2
"1071",1,2,2
"1072",1,2,2
"1073",1,2,2
"1074",1,2,2
"1075",1,1,2
"1076",1,1,2
"1077",1,1,2
"1078",1,1,2
"1079",1,1,2
"1080",1,2,2
"1081",2,2,2
"1082",2,2,4
"1083",2,2,4
"1084",2,2,4
"1085",2,3,4
"1086",2,3,4
"1087",2,3,4
"1088",2,3,4
"1089",1,1,1
"1090",1,1,1
"1091",1,2,2
"1092",1,2,2
"1093",1,2,2
"1094",1,2,2
"1095",1,2,2
"1096",1,2,2
"1097",1,2,2
"1098",1,2,2
"1099",1,2,2
"1100",1,2,2
"1101",1,2,2
"1102",1,2,2
"1103",1,2,2
"1104",2,2,2
"1105",2,2,4
"1106",2,2,4
"1107",2,2,2
"1108",2,2,4
"1109",2,2,4
"1110",2,2,4
"1111",2,2,4
"1112",2,3,4
"1113",2,3,4
"1114",2,3,4
"1115",2,3,4
"1116",2,3,4
"1117",2,3,4
"1118",2,2,4
"1119",2,2,2
"1120",2,2,2
"1121",2,2,2
"1122",2,2,2
"1123",2,2,2
"1124",1,1,1
"1125",1,1,1
"1126",1,1,1
"1127",1,2,2
"1128",1,2,2
"1129",1,2,2
"1130",1,2,2
"1131",1,2,2
"1132",1,2,2
"1133",1,2,2
"1134",1,2,2
"1135",1,2,2
"1136",1,2,2
"1137",1,2,2
"1138",1,2,4
"1139",1,2,2
"1140",1,2,2
"1141",1,2,2
"1142",1,2,2
"1143",1,2,2
"1144",1,2,1
"1145",2,2,2
"1146",2,2,4
"1147",2,2,4
"1148",2,3,4
"1149",2,3,4
"1150",2,3,4
"1151",2,3,4
"1152",2,3,4
"1153",2,3,4
"1154",2,2,2
"1155",2,2,2
"1156",2,3,4
"1157",2,3,4
"1158",1,2,2
"1159",1,2,2
"1160",1,1,1
"1161",1,1,1
"1162",1,1,1
"1163",1,1,1
"1164",1,1,1
"1165",1,1,1
"1166",2,2,2
"1167",2,2,4
"1168",2,2,4
"1169",1,2,2
"1170",1,2,2
"1171",1,2,2
"1172",1,2,2
"1173",1,1,2
"1174",1,1,1
"1175",1,1,1
"1176",1,1,1
"1177",1,1,1
"1178",1,1,1
"1179",1,1,1
"1180",1,1,1
"1181",1,1,1
"1182",1,2,2
"1183",2,3,4
"1184",2,3,4
"1185",2,3,4
"1186",2,2,4
"1187",2,2,2
"1188",2,2,2
"1189",2,2,2
"1190",2,2,2
"1191",2,2,2
"1192",2,2,2
"1193",2,2,2
"1194",2,2,2
"1195",2,2,2
"1196",2,2,2
"1197",2,3,4
"1198",2,3,4
"1199",2,3,4
"1200",2,3,4
"1201",2,3,4
"1202",2,3,4
"1203",2,2,4
"1204",2,2,2
"1205",2,2,2
"1206",2,2,2
"1207",2,2,2
"1208",2,2,2
"1209",1,1,2
"1210",1,1,1
"1211",1,1,1
"1212",1,2,2
"1213",1,2,2
"1214",1,2,2
"1215",1,2,2
"1216",1,2,2
"1217",1,2,2
"1218",2,2,2
"1219",2,3,4
"1220",2,3,4
"1221",2,3,4
"1222",2,3,4
"1223",2,3,4
"1224",2,2,4
"1225",2,2,2
"1226",2,2,2
"1227",2,2,4
"1228",2,3,3
"1229",2,2,4
"1230",1,1,2
"1231",1,1,1
"1232",1,1,1
"1233",1,1,1
"1234",1,1,2
"1235",1,1,2
"1236",1,1,2
"1237",1,1,2
"1238",1,2,2
"1239",1,2,2
"1240",1,2,2
"1241",1,2,2
"1242",1,2,2
"1243",1,2,2
"1244",1,2,2
"1245",2,2,4
"1246",2,2,4
"1247",2,2,4
"1248",2,2,2
"1249",2,2,2
"1250",2,2,2
"1251",2,2,2
"1252",2,2,2
"1253",2,2,2
"1254",2,2,4
"1255",2,2,4
"1256",2,2,4
"1257",2,2,4
"1258",2,2,4
"1259",2,3,4
"1260",2,3,4
"1261",2,3,4
"1262",2,3,4
"1263",2,3,4
"1264",1,2,2
"1265",1,2,2
"1266",1,2,2
"1267",1,2,2
"1268",1,2,2
"1269",1,2,2
"1270",2,2,2
"1271",2,2,2
"1272",2,2,2
"1273",2,2,2
"1274",2,2,2
"1275",2,2,4
"1276",2,3,4
"1277",2,3,4
"1278",2,3,4
"1279",2,3,4
"1280",2,3,4
"1281",2,3,2
"1282",2,3,4
"1283",2,3,4
"1284",2,3,4
"1285",2,3,4
"1286",2,2,2
"1287",2,2,2
"1288",2,2,2
"1289",2,2,2
"1290",2,3,4
"1291",2,3,4
"1292",2,2,4
"1293",2,2,2
"1294",2,2,2
"1295",2,1,1
"1296",2,2,2
"1297",2,2,2
"1298",2,2,2
"1299",1,2,2
"1300",1,2,2
"1301",1,2,2
"1302",1,2,2
"1303",2,3,4
"1304",2,2,2
"1305",2,2,2
"1306",2,2,4
"1307",2,3,4
"1308",2,3,4
"1309",2,3,4
"1310",1,2,2
"1311",1,1,1
"1312",1,2,2
"1313",1,2,2
"1314",1,2,2
"1315",1,2,2
"1316",1,1,1
"1317",1,1,1
"1318",1,1,1
"1319",1,1,1
"1320",1,1,1
"1321",1,1,1
"1322",1,2,2
"1323",1,2,2
"1324",1,2,2
"1325",1,2,2
"1326",1,2,2
"1327",1,2,2
"1328",1,2,2
"1329",1,2,2
"1330",1,2,2
"1331",1,2,2
"1332",1,1,1
"1333",1,1,2
"1334",1,1,2
"1335",1,1,2
"1336",1,1,1
"1337",1,1,1
"1338",1,1,1
"1339",1,1,1
"1340",1,2,2
"1341",1,2,2
"1342",1,2,2
"1343",1,1,1
"1344",1,1,1
"1345",1,1,1
"1346",1,2,2
"1347",1,2,2
"1348",2,3,4
"1349",2,3,4
"1350",2,3,4
"1351",2,3,4
"1352",2,3,4
"1353",2,3,4
"1354",1,1,1
"1355",1,1,1
"1356",1,1,1
"1357",1,1,1
"1358",1,1,1
"1359",1,1,1
"1360",1,1,1
"1361",1,1,1
"1362",1,1,1
"1363",1,2,2
"1364",1,2,2
"1365",2,2,4
"1366",2,3,3
"1367",2,3,4
"1368",1,2,2
"1369",1,2,2
"1370",1,1,1
"1371",1,1,1
"1372",1,1,1
"1373",1,2,2
"1374",1,2,2
"1375",2,2,4
"1376",2,3,4
"1377",2,3,3
"1378",2,3,3
"1379",2,3,4
"1380",1,2,2
"1381",1,2,2
"1382",1,2,2
"1383",1,2,2
"1384",1,1,1
"1385",1,1,1
"1386",1,1,1
"1387",1,1,1
"1388",1,1,1
"1389",1,2,2
"1390",2,2,2
"1391",2,2,4
"1392",2,2,2
"1393",2,2,2
"1394",2,2,2
"1395",2,2,2
"1396",2,2,2
"1397",2,2,2
"1398",2,2,2
"1399",2,3,4
"1400",2,2,2
"1401",1,1,1
"1402",1,1,1
"1403",1,1,1
"1404",1,1,1
"1405",2,2,2
"1406",2,2,2
"1407",2,3,4
"1408",2,3,4
"1409",2,3,4
"1410",2,3,4
"1411",2,3,4
"1412",2,3,4
"1413",2,3,4
"1414",2,3,4
"1415",2,3,4
"1416",2,3,4
"1417",2,3,4
"1418",2,3,4
"1419",2,3,4
"1420",2,3,4
"1421",1,1,1
"1422",1,1,1
"1423",1,1,1
"1424",1,1,1
"1425",1,1,1
"1426",1,2,2
"1427",1,2,2
"1428",1,2,2
"1429",1,2,2
"1430",1,2,2
"1431",1,2,2
"1432",2,2,2
"1433",2,2,2
"1434",2,2,4
"1435",2,2,4
"1436",1,2,2
"1437",1,1,1
"1438",1,1,1
"1439",1,1,1
"1440",1,2,2
"1441",2,2,4
"1442",2,2,4
"1443",2,2,4
"1444",2,2,4
"1445",2,2,4
"1446",1,2,2
"1447",1,2,2
"1448",1,2,2
"1449",1,2,2
"1450",2,2,4
"1451",2,2,4
"1452",2,2,4
"1453",2,2,2
"1454",2,2,2
"1455",2,2,2
"1456",1,2,2
"1457",1,2,2
"1458",2,2,2
"1459",2,2,2
"1460",2,2,2
"1461",2,2,2
"1462",2,2,2
"1463",2,2,2
"1464",2,2,2
"1465",2,2,2
"1466",2,3,4
"1467",2,3,4
"1468",1,2,2
"1469",1,1,2
"1470",1,1,1
"1471",1,1,2
"1472",2,2,4
"1473",2,2,4
"1474",2,2,4
"1475",2,2,4
"1476",2,2,2
"1477",2,2,4
"1478",2,3,4
"1479",2,3,4
"1480",2,3,4
"1481",2,3,4
"1482",2,2,4
"1483",2,2,4
"1484",2,2,4
"1485",2,2,4
"1486",2,2,4
"1487",1,1,2
"1488",1,1,2
"1489",1,1,2
"1490",1,1,2
"1491",1,1,2
"1492",1,1,2
"1493",1,1,2
"1494",1,1,1
"1495",1,2,2
"1496",1,2,2
"1497",1,1,1
"1498",1,1,1
"1499",2,2,4
"1500",2,3,4
"1501",2,3,4
"1502",2,3,4
"1503",1,2,2
"1504",1,1,1
"1505",1,1,1
"1506",1,1,2
"1507",1,2,2
"1508",1,2,2
"1509",1,2,2
"1510",1,2,2
"1511",1,2,2
"1512",2,3,4
"1513",2,3,4
"1514",2,3,3
"1515",2,2,4
"1516",2,2,2
"1517",2,2,2
"1518",2,2,2
"1519",2,2,2
"1520",2,3,4
"1521",2,3,4
"1522",2,2,2
"1523",2,2,2
"1524",1,2,2
"1525",1,2,2
"1526",1,2,2
"1527",1,2,2
"1528",1,2,2
"1529",1,2,2
"1530",1,2,2
"1531",1,2,2
"1532",1,2,2
"1533",1,2,2
"1534",1,1,1
"1535",1,1,1
"1536",1,1,1
"1537",1,1,1
"1538",1,1,1
"1539",1,1,1
"1540",1,2,2
"1541",2,2,4
"1542",2,2,4
"1543",2,3,4
"1544",2,3,4
"1545",2,3,4
"1546",2,3,4
"1547",2,3,4
"1548",2,2,2
"1549",2,2,2
"1550",2,2,2
"1551",2,2,2
"1552",2,3,4
"1553",2,3,4
"1554",2,2,2
"1555",2,2,2
"1556",2,2,2
"1557",2,2,4
"1558",2,2,4
"1559",2,2,2
"1560",2,2,2
"1561",2,2,2
"1562",2,2,4
"1563",2,3,4
"1564",2,3,4
"1565",2,3,4
"1566",2,3,4
"1567",2,3,4
"1568",2,3,4
"1569",2,3,4
"1570",2,2,2
"1571",1,2,2
"1572",1,1,1
"1573",1,1,1
"1574",2,2,2
"1575",2,3,4
"1576",2,3,4
"1577",2,3,4
"1578",2,2,2
"1579",2,2,2
"1580",2,3,4
"1581",2,3,4
"1582",2,3,4
"1583",2,3,4
"1584",2,3,4
"1585",2,3,3
"1586",2,3,4
"1587",2,2,4
"1588",2,2,2
"1589",1,2,2
"1590",1,2,2
"1591",1,2,2
"1592",1,2,2
"1593",1,2,2
"1594",2,3,4
"1595",2,3,4
"1596",1,1,2
"1597",1,1,1
"1598",1,1,1
"1599",1,1,2
"1600",1,2,2
"1601",1,2,2
"1602",1,2,2
"1603",1,2,2
"1604",1,2,2
"1605",1,2,2
"1606",1,2,2
"1607",1,2,2
"1608",1,2,2
"1609",1,2,2
"1610",1,2,2
"1611",1,2,2
"1612",2,3,4
"1613",2,3,4
"1614",2,3,4
"1615",2,3,4
"1616",2,2,2
"1617",2,2,2
"1618",2,2,2
"1619",2,2,2
"1620",2,2,2
"1621",2,3,4
"1622",2,3,4
"1623",2,3,4
"1624",2,3,4
"1625",2,3,4
"1626",2,2,2
"1627",2,2,2
"1628",2,2,2
"1629",2,2,4
"1630",2,2,4
"1631",2,2,4
"1632",2,2,4
"1633",2,2,2
"1634",2,2,2
"1635",2,2,2
"1636",2,2,2
"1637",2,2,2
"1638",2,2,4
"1639",2,2,4
"1640",2,2,4
"1641",2,2,2
"1642",1,2,2
"1643",1,2,2
"1644",1,2,2
"1645",1,2,2
"1646",1,2,2
"1647",1,2,2
"1648",1,1,1
"1649",1,1,1
"1650",1,1,1
"1651",1,1,1
"1652",1,1,1
"1653",1,1,1
"1654",1,1,1
"1655",1,1,1
"1656",1,2,2
"1657",1,2,2
"1658",1,2,2
"1659",1,2,2
"1660",1,2,2
"1661",1,2,2
"1662",1,2,2
"1663",2,2,2
"1664",2,2,4
"1665",2,2,4
"1666",2,2,4
"1667",2,2,4
"1668",2,2,2
"1669",2,2,2
"1670",2,3,4
"1671",2,3,4
"1672",2,3,4
"1673",2,3,4
"1674",2,3,4
"1675",2,3,4
"1676",2,3,4
"1677",2,2,4
"1678",2,2,2
"1679",1,1,1
"1680",1,1,1
"1681",1,2,2
"1682",2,3,4
"1683",2,3,4
"1684",2,3,4
"1685",2,3,4
"1686",2,3,4
"1687",2,3,4
"1688",2,3,4
"1689",2,3,4
"1690",2,3,4
"1691",2,3,4
"1692",2,3,4
"1693",2,3,4
"1694",2,3,3
"1695",2,3,4
"1696",2,3,4
"1697",2,3,4
"1698",2,3,4
"1699",2,3,3
"1700",2,3,4
"1701",2,3,4
"1702",2,3,4
"1703",2,3,4
"1704",2,3,4
"1705",2,3,4
"1706",2,3,4
"1707",2,3,4
"1708",2,3,4
"1709",2,2,4
"1710",2,2,2
"1711",2,2,2
"1712",2,2,2
"1713",2,2,2
"1714",2,3,4
"1715",2,2,4
"1716",2,2,4
"1717",2,2,2
"1718",1,1,1
"1719",1,1,1
"1720",1,1,1
"1721",1,1,1
"1722",1,1,2
"1723",1,1,1
"1724",1,1,1
"1725",1,2,2
"1726",1,2,2
"1727",1,2,2
"1728",1,2,4
"1729",1,2,2
"1730",1,2,2
"1731",1,2,2
"1732",1,2,2
"1733",1,1,1
"1734",1,1,1
"1735",1,1,2
"1736",1,2,2
"1737",1,2,2
"1738",1,2,2
"1739",1,1,1
"1740",1,1,1
"1741",1,2,2
"1742",1,2,2
"1743",1,2,2
"1744",1,2,2
"1745",1,2,2
"1746",1,2,2
"1747",1,1,2
"1748",1,1,1
"1749",1,1,1
"1750",1,1,1
"1751",1,2,2
"1752",2,3,4
"1753",2,3,4
"1754",2,3,4
"1755",2,3,4
"1756",2,3,4
"1757",2,3,4
"1758",2,3,4
"1759",2,3,4
"1760",2,2,2
"1761",1,1,1
"1762",1,1,1
"1763",1,1,1
"1764",1,1,1
"1765",1,1,1
"1766",1,1,2
"1767",2,2,4
"1768",2,3,4
"1769",2,3,4
"1770",2,2,4
"1771",2,2,4
"1772",2,2,4
"1773",2,2,4
"1774",2,2,4
"1775",2,2,2
"1776",2,2,2
"1777",2,3,4
"1778",2,3,4
"1779",2,3,4
"1780",2,3,4
"1781",2,3,4
"1782",1,2,2
"1783",1,2,2
"1784",1,1,1
"1785",1,1,1
"1786",1,1,1
"1787",1,1,1
"1788",1,2,2
"1789",1,2,2
"1790",1,2,2
"1791",1,2,2
"1792",1,2,2
"1793",1,2,2
"1794",1,1,2
"1795",1,1,2
"1796",1,1,2
"1797",1,1,2
"1798",1,1,2
"1799",1,1,2
"1800",1,1,2
"1801",1,1,1
"1802",1,1,1
"1803",1,1,1
"1804",1,1,1
"1805",1,1,1
"1806",1,1,2
"1807",2,2,4
"1808",2,3,4
"1809",2,3,4
"1810",2,2,2
"1811",2,2,2
"1812",2,2,2
"1813",1,2,2
"1814",1,1,1
"1815",1,1,1
"1816",1,2,2
"1817",1,2,2
"1818",1,2,2
"1819",1,2,2
"1820",1,2,2
"1821",1,1,1
"1822",1,1,1
"1823",1,2,2
"1824",1,2,2
"1825",1,2,2
"1826",2,3,4
"1827",2,3,4
"1828",2,3,4
"1829",2,3,4
"1830",2,3,4
"1831",2,3,4
"1832",2,3,4
"1833",2,3,4
"1834",2,2,4
"1835",2,2,4
"1836",2,2,4
"1837",2,2,2
"1838",2,2,2
"1839",2,2,4
"1840",2,2,4
"1841",1,2,2
"1842",1,1,1
"1843",1,1,1
"1844",1,1,1
"1845",1,1,1
"1846",1,1,1
"1847",1,1,1
"1848",1,1,1
"1849",2,2,2
"1850",2,2,2
"1851",2,2,2
"1852",2,2,2
"1853",2,2,2
"1854",1,2,2
"1855",1,2,2
"1856",1,1,2
"1857",1,1,2
"1858",1,1,2
"1859",1,1,2
"1860",1,1,2
"1861",2,2,4
"1862",2,2,4
"1863",2,2,2
"1864",1,2,2
"1865",1,1,1
"1866",1,1,1
"1867",1,1,1
"1868",1,1,1
"1869",1,1,1
"1870",1,1,3
"1871",1,1,1
"1872",1,2,2
"1873",1,2,2
"1874",2,2,4
"1875",2,3,4
"1876",2,3,4
"1877",2,3,4
"1878",2,3,3
"1879",2,3,3
"1880",2,3,4
"1881",2,3,4
"1882",2,3,4
"1883",2,2,2
"1884",2,2,2
"1885",2,2,2
"1886",2,2,2
"1887",2,2,2
"1888",2,2,4
"1889",2,2,2
"1890",2,2,2
"1891",2,2,4
"1892",2,2,4
"1893",2,2,2
"1894",1,2,2
"1895",1,2,2
"1896",1,2,2
"1897",1,2,2
"1898",1,1,2
"1899",1,1,2
"1900",1,1,2
"1901",1,1,2
"1902",1,1,2
"1903",1,1,2
"1904",1,1,2
"1905",1,1,2
"1906",1,2,2
"1907",1,2,2
"1908",2,2,4
"1909",2,2,2
"1910",2,2,2
"1911",1,2,2
"1912",1,1,1
"1913",1,1,1
"1914",1,1,1
"1915",1,2,2
"1916",1,2,2
"1917",1,1,2
"1918",1,1,1
"1919",1,1,1
"1920",1,1,2
"1921",1,1,2
"1922",1,1,2
"1923",1,2,2
"1924",1,2,2
"1925",1,2,2
"1926",1,2,2
"1927",1,2,2
"1928",1,2,2
"1929",1,2,2
"1930",1,1,1
"1931",1,1,1
"1932",1,1,2
"1933",1,1,2
"1934",1,1,2
"1935",1,1,2
"1936",1,1,2
"1937",1,1,2
"1938",1,1,1
"1939",1,1,1
"1940",1,1,1
"1941",1,1,1
"1942",1,1,1
"1943",1,1,1
"1944",1,1,1
"1945",1,1,2
"1946",1,1,2
"1947",2,2,4
"1948",2,2,4
"1949",2,2,2
"1950",2,2,2
"1951",2,2,2
"1952",2,2,2
"1953",1,1,1
"1954",1,1,1
"1955",1,1,1
"1956",1,1,1
"1957",1,1,1
"1958",1,2,2
"1959",1,2,2
"1960",1,2,2
"1961",1,2,2
"1962",1,2,2
"1963",1,2,2
"1964",1,2,2
"1965",2,2,4
"1966",2,2,4
"1967",1,2,2
"1968",1,2,2
"1969",1,2,2
"1970",1,2,2
"1971",1,2,4
"1972",1,2,2
"1973",1,2,2
"1974",1,1,1
"1975",1,1,1
"1976",1,1,1
"1977",1,1,1
"1978",1,1,1
"1979",1,1,1
"1980",1,1,1
"1981",1,1,1
"1982",1,1,1
"1983",1,1,1
"1984",1,1,1
"1985",1,1,1
"1986",1,1,1
"1987",1,1,1
"1988",1,1,1
"1989",1,2,2
"1990",2,2,2
"1991",2,2,2
"1992",2,2,2
"1993",2,2,4
"1994",2,2,4
"1995",1,2,2
"1996",1,2,2
"1997",1,2,2
"1998",1,2,2
"1999",1,2,2
"2000",1,2,2
"2001",1,2,2
"2002",1,2,2
"2003",1,2,2
"2004",1,2,2
"2005",2,2,2
"2006",2,2,2
"2007",2,2,2
"2008",2,2,2
"2009",2,2,2
"2010",2,2,2
"2011",2,2,2
"2012",2,2,2
"2013",2,2,4
"2014",2,2,4
"2015",2,2,4
"2016",2,2,4
"2017",2,2,4
"2018",2,2,4
"2019",2,3,4
"2020",2,3,4
"2021",2,2,2
"2022",2,2,1
"2023",2,2,2
"2024",2,3,4
"2025",2,2,2
"2026",2,2,2
"2027",1,2,2
"2028",1,1,1
"2029",1,1,1
"2030",1,2,2
"2031",2,2,2
"2032",2,2,2
"2033",2,3,4
"2034",1,2,2
"2035",1,1,1
"2036",1,1,1
"2037",1,2,2
"2038",2,2,2
"2039",2,2,2
"2040",2,2,4
"2041",2,2,2
"2042",2,2,2
"2043",2,2,2
"2044",2,2,2
"2045",1,1,1
"2046",1,1,1
"2047",1,1,1
"2048",1,1,1
"2049",1,1,1
"2050",1,1,1
"2051",1,1,1
"2052",1,1,1
"2053",1,1,1
"2054",1,1,1
"2055",2,2,2
"2056",2,3,4
"2057",2,3,4
"2058",2,3,4
"2059",2,2,2
"2060",2,2,2
"2061",2,2,4
"2062",2,2,4
"2063",2,2,4
"2064",2,2,2
"2065",2,2,4
"2066",2,2,2
"2067",2,2,2
"2068",2,2,4
"2069",2,2,4
"2070",2,3,4
"2071",2,3,4
"2072",2,3,4
"2073",2,2,2
"2074",2,2,2
"2075",2,2,4
"2076",1,2,2
"2077",1,1,1
"2078",1,1,1
"2079",1,1,1
"2080",1,1,1
"2081",1,1,1
"2082",1,1,2
"2083",1,2,2
"2084",2,2,2
"2085",2,2,4
"2086",2,2,4
"2087",1,1,2
"2088",1,1,2
"2089",1,1,2
"2090",1,1,2
"2091",1,1,1
"2092",1,1,1
"2093",1,1,1
"2094",1,1,1
"2095",1,1,1
"2096",1,1,1
"2097",1,1,1
"2098",1,1,1
"2099",1,1,1
"2100",2,2,2
"2101",2,3,4
"2102",1,1,1
"2103",1,1,1
"2104",1,2,2
"2105",1,2,2
"2106",1,2,2
"2107",1,2,2
"2108",1,2,2
"2109",1,2,2
"2110",1,2,2
"2111",2,2,2
"2112",2,2,2
"2113",2,2,2
"2114",2,3,4
"2115",2,3,4
"2116",2,3,3
"2117",2,3,3
"2118",2,3,4
"2119",2,2,2
"2120",2,2,2
"2121",2,2,2
"2122",2,2,4
"2123",2,2,4
"2124",2,2,2
"2125",1,1,1
"2126",1,1,1
"2127",2,2,2
"2128",2,3,4
"2129",2,3,4
"2130",2,3,4
"2131",2,3,4
"2132",2,2,4
"2133",1,1,1
"2134",1,1,1
"2135",1,1,1
"2136",1,1,1
"2137",1,2,2
"2138",1,2,2
"2139",1,2,2
"2140",1,2,2
"2141",1,2,2
"2142",1,2,2
"2143",2,3,4
"2144",2,3,4
"2145",2,3,4
"2146",2,2,2
"2147",2,2,2
"2148",1,1,1
"2149",1,1,1
"2150",1,1,1
"2151",2,2,2
"2152",2,2,2
"2153",2,2,4
"2154",2,2,4
"2155",2,2,4
"2156",2,2,4
"2157",2,2,4
"2158",2,2,4
"2159",2,2,4
"2160",2,2,4
"2161",2,2,4
"2162",2,2,4
"2163",2,2,4
"2164",2,2,4
"2165",2,2,4
"2166",2,3,4
"2167",2,3,4
"2168",2,3,4
"2169",2,3,4
"2170",2,3,4
"2171",2,3,4
"2172",2,3,4
"2173",2,3,4
"2174",2,3,4
"2175",2,3,4
"2176",2,3,4
"2177",2,3,4
"2178",2,3,4
"2179",2,3,4
"2180",2,3,4
"2181",2,3,4
"2182",2,3,4
"2183",2,3,4
"2184",2,3,4
"2185",2,2,2
"2186",2,2,2
"2187",2,2,2
"2188",2,2,2
"2189",2,2,2
"2190",2,2,2
"2191",2,2,2
"2192",2,2,4
"2193",2,2,2
"2194",2,3,4
"2195",2,3,4
"2196",2,3,4
"2197",2,3,4
"2198",2,3,4
"2199",2,3,4
"2200",2,3,4
"2201",2,3,4
"2202",2,3,4
"2203",2,3,4
"2204",2,3,4
"2205",2,3,4
"2206",2,3,4
"2207",2,3,4
"2208",2,3,4
"2209",2,3,4
"2210",2,2,2
"2211",2,2,2
"2212",2,2,2
"2213",2,2,4
"2214",2,2,4
"2215",2,2,4
"2216",1,1,2
"2217",1,1,2
"2218",1,1,1
"2219",1,1,2
"2220",1,1,2
"2221",1,1,1
"2222",1,1,1
"2223",1,1,1
"2224",1,1,1
"2225",1,1,1
"2226",1,1,1
"2227",1,1,1
"2228",1,1,1
"2229",1,1,1
"2230",1,1,1
"2231",1,1,1
"2232",1,1,2
"2233",1,1,2
"2234",1,1,2
"2235",1,1,1
"2236",1,1,1
"2237",1,1,1
"2238",1,2,2
"2239",1,2,2
"2240",1,2,2
"2241",1,2,2
"2242",1,2,2
"2243",1,2,2
"2244",1,2,2
"2245",1,2,2
"2246",1,2,2
"2247",1,2,2
"2248",1,2,2
"2249",1,2,2
"2250",1,2,2
"2251",1,1,2
"2252",1,1,2
"2253",1,1,1
"2254",1,1,1
"2255",1,1,1
"2256",1,1,1
"2257",1,1,1
"2258",1,2,2
"2259",1,2,2
"2260",1,2,2
"2261",1,2,2
"2262",1,2,2
"2263",1,2,2
"2264",1,2,4
"2265",1,2,4
"2266",1,2,2
"2267",1,2,2
"2268",1,2,2
"2269",1,1,1
"2270",1,1,1
"2271",1,2,2
"2272",2,3,4
"2273",2,3,4
"2274",2,3,4
"2275",2,3,4
"2276",2,3,4
"2277",2,3,4
"2278",2,2,2
"2279",1,2,2
"2280",1,1,2
"2281",1,1,2
"2282",1,1,2
"2283",1,1,2
"2284",1,2,2
"2285",1,2,2
"2286",1,1,1
"2287",1,1,1
"2288",1,1,1
"2289",1,1,1
"2290",1,1,1
"2291",1,2,2
"2292",1,2,2
"2293",1,2,2
"2294",1,1,1
"2295",1,1,1
"2296",1,1,1
"2297",1,1,1
"2298",1,1,1
"2299",1,1,1
"2300",1,1,1
"2301",1,1,1
"2302",1,1,1
"2303",1,1,1
"2304",1,1,1
"2305",1,1,1
"2306",1,1,1
"2307",1,1,1
"2308",1,1,2
"2309",1,1,2
"2310",1,1,1
"2311",1,1,1
"2312",1,1,1
"2313",1,1,1
"2314",1,1,1
"2315",1,1,1
"2316",1,1,1
"2317",1,1,1
"2318",1,1,1
"2319",1,1,1
"2320",1,1,1
"2321",1,1,1
"2322",1,1,1
"2323",1,1,1
"2324",1,1,1
"2325",1,1,1
"2326",1,1,2
"2327",1,2,2
"2328",1,2,2
"2329",1,2,2
"2330",1,2,2
"2331",1,2,2
"2332",1,2,2
"2333",1,1,2
"2334",1,1,1
"2335",1,1,1
"2336",1,1,1
"2337",1,1,1
"2338",1,1,2
"2339",1,1,2
"2340",1,2,2
"2341",1,2,2
"2342",1,2,2
"2343",1,2,2
"2344",1,2,2
"2345",1,2,2
"2346",2,2,4
"2347",2,2,4
"2348",1,2,2
"2349",1,1,1
"2350",1,1,1
"2351",1,1,2
"2352",2,2,2
"2353",2,2,2
"2354",2,2,4
"2355",2,2,2
"2356",1,1,1
"2357",1,1,1
"2358",2,2,2
"2359",2,2,2
"2360",2,2,2
"2361",2,2,2
"2362",2,2,2
"2363",2,2,4
"2364",2,2,4
"2365",2,2,4
"2366",2,2,4
"2367",2,2,4
"2368",2,2,4
"2369",2,3,4
"2370",2,3,4
"2371",2,3,4
"2372",2,3,4
"2373",2,3,4
"2374",2,3,4
"2375",2,3,4
"2376",2,2,4
"2377",2,2,2
"2378",2,2,2
"2379",2,2,2
"2380",2,2,2
"2381",1,2,2
"2382",1,2,2
"2383",1,2,2
"2384",1,2,2
"2385",1,2,2
"2386",1,2,2
"2387",1,2,2
"2388",2,2,4
"2389",2,2,4
"2390",2,2,4
"2391",2,2,4
"2392",2,2,4
"2393",2,2,4
"2394",2,2,4
"2395",2,2,4
"2396",2,2,2
"2397",2,2,4
"2398",2,2,4
"2399",2,2,4
"2400",2,2,4
"2401",2,2,4
"2402",2,2,4
"2403",2,2,2
"2404",1,2,2
"2405",1,2,2
"2406",1,1,1
"2407",1,1,1
"2408",1,1,1
"2409",1,1,1
"2410",1,1,1
"2411",1,1,2
"2412",2,2,4
"2413",2,2,4
"2414",2,2,4
"2415",1,2,2
"2416",1,1,1
"2417",1,1,1
"2418",1,1,1
"2419",1,2,2
"2420",2,2,2
"2421",2,2,4
"2422",2,3,4
"2423",2,3,4
"2424",2,3,4
"2425",2,3,4
"2426",2,3,4
"2427",2,3,4
"2428",2,3,4
"2429",2,3,4
"2430",2,3,4
"2431",2,3,4
"2432",2,3,4
"2433",2,3,4
"2434",2,3,4
"2435",2,3,4
"2436",2,2,2
"2437",2,2,2
"2438",1,1,2
"2439",1,1,2
"2440",2,2,4
"2441",2,3,4
"2442",2,3,4
"2443",2,3,4
"2444",2,3,4
"2445",1,1,2
"2446",1,1,1
"2447",1,1,1
"2448",1,1,1
"2449",1,1,1
"2450",1,1,1
"2451",1,1,2
"2452",1,1,2
"2453",1,1,2
"2454",1,1,2
"2455",1,1,2
"2456",1,1,2
"2457",1,1,2
"2458",1,2,2
"2459",1,2,2
"2460",2,2,4
"2461",2,2,4
"2462",1,2,2
"2463",1,1,1
"2464",1,1,1
"2465",1,1,1
"2466",1,1,1
"2467",1,1,1
"2468",1,1,1
"2469",1,2,2
"2470",1,2,2
"2471",1,2,2
"2472",1,2,2
"2473",1,2,2
"2474",1,2,2
"2475",1,2,2
"2476",1,2,2
"2477",1,2,2
"2478",1,2,2
"2479",1,2,2
"2480",1,2,2
"2481",1,2,2
"2482",1,2,2
"2483",1,2,2
"2484",1,2,2
"2485",1,2,2
"2486",1,2,2
"2487",1,2,2
"2488",1,2,2
"2489",2,2,2
"2490",2,3,4
"2491",1,1,1
"2492",1,1,1
"2493",2,2,2
"2494",2,3,4
"2495",2,3,4
"2496",1,2,2
"2497",1,2,2
"2498",1,2,2
"2499",1,2,2
"2500",1,2,2
"2501",2,3,4
"2502",2,3,4
"2503",2,3,4
"2504",2,3,4
"2505",2,3,4
"2506",2,3,4
"2507",2,3,4
"2508",2,2,2
"2509",1,1,1
"2510",1,1,1
"2511",1,1,1
"2512",1,1,1
"2513",1,1,1
"2514",1,1,1
"2515",1,1,1
"2516",1,2,2
"2517",1,2,2
"2518",1,2,2
"2519",1,2,2
"2520",1,2,2
"2521",2,2,2
"2522",2,2,2
"2523",2,3,4
"2524",2,3,4
"2525",2,3,4
"2526",2,3,4
"2527",2,3,4
"2528",1,2,2
"2529",1,2,2
"2530",1,2,2
"2531",1,2,2
"2532",1,2,2
"2533",2,2,4
"2534",2,2,4
"2535",2,2,2
"2536",2,2,2
"2537",2,2,2
"2538",2,2,2
"2539",2,2,4
"2540",2,2,4
"2541",2,2,4
"2542",2,2,4
"2543",2,2,4
"2544",2,2,4
"2545",2,3,4
"2546",2,3,4
"2547",2,3,4
"2548",2,3,4
"2549",2,3,4
"2550",2,3,4
"2551",2,3,4
"2552",2,3,4
"2553",2,2,2
"2554",2,2,2
"2555",2,3,4
"2556",2,3,4
"2557",2,2,2
"2558",1,1,1
"2559",1,1,2
"2560",1,1,2
"2561",1,1,2
"2562",1,1,1
"2563",1,2,2
"2564",1,2,2
"2565",1,2,2
"2566",1,2,2
"2567",1,2,2
"2568",1,2,2
"2569",2,3,4
"2570",2,3,4
"2571",2,3,4
"2572",2,3,4
"2573",2,2,2
"2574",2,2,2
"2575",2,2,2
"2576",2,2,2
"2577",2,3,4
"2578",2,3,4
"2579",2,3,4
"2580",2,3,4
"2581",2,2,4
"2582",2,2,4
"2583",2,2,4
"2584",1,2,2
"2585",1,2,2
"2586",1,2,2
"2587",1,1,1
"2588",1,1,1
"2589",1,1,1
"2590",1,2,2
"2591",1,2,2
"2592",1,1,1
"2593",1,1,1
"2594",1,1,1
"2595",1,1,1
"2596",2,2,2
"2597",2,2,4
"2598",2,2,4
"2599",2,2,2
"2600",2,2,4
"2601",2,2,2
"2602",2,2,2
"2603",2,2,2
"2604",1,2,2
"2605",1,2,2
"2606",1,2,2
"2607",1,2,2
"2608",1,2,2
"2609",1,2,2
"2610",1,2,2
"2611",1,2,2
"2612",1,2,2
"2613",2,2,4
"2614",2,2,4
"2615",2,2,4
"2616",2,3,3
"2617",2,3,4
"2618",2,2,4
"2619",1,1,2
"2620",1,1,1
"2621",1,1,1
"2622",1,1,1
"2623",1,1,1
"2624",1,1,1
"2625",1,1,1
"2626",1,1,1
"2627",1,1,1
"2628",1,2,2
"2629",2,2,2
"2630",2,2,4
"2631",2,2,4
"2632",2,2,4
"2633",2,2,2
"2634",2,2,2
"2635",2,2,2
"2636",2,2,4
"2637",2,2,4
"2638",1,2,2
"2639",1,2,2
"2640",1,2,2
"2641",1,2,2
"2642",1,2,2
"2643",1,2,2
"2644",1,1,1
"2645",1,1,1
"2646",1,1,1
"2647",1,1,2
"2648",1,1,2
"2649",1,1,2
"2650",1,1,2
"2651",1,1,2
"2652",1,1,2
"2653",1,2,2
"2654",1,2,2
"2655",1,2,2
"2656",1,2,2
"2657",1,2,2
"2658",1,2,2
"2659",1,2,2
"2660",1,2,2
"2661",1,1,2
"2662",1,1,2
"2663",1,1,2
"2664",1,1,2
"2665",1,1,2
"2666",1,1,2
"2667",1,1,2
"2668",1,1,1
"2669",1,1,1
"2670",1,1,1
"2671",1,2,2
"2672",1,2,2
"2673",1,2,2
"2674",1,2,2
"2675",1,2,2
"2676",1,2,2
"2677",2,3,4
"2678",2,3,4
"2679",2,2,4
"2680",2,2,2
"2681",2,2,2
"2682",2,2,2
"2683",2,2,2
"2684",2,2,2
"2685",2,2,4
"2686",2,3,4
"2687",2,3,4
"2688",2,2,4
"2689",1,2,2
"2690",1,1,1
"2691",1,1,1
"2692",1,1,1
"2693",1,1,1
"2694",1,1,1
"2695",1,1,1
"2696",1,1,1
"2697",1,1,1
"2698",1,1,1
"2699",1,1,1
"2700",1,1,1
"2701",1,1,2
"2702",1,1,2
"2703",1,1,2
"2704",1,1,1
"2705",1,1,1
"2706",1,1,1
"2707",1,1,1
"2708",1,2,2
"2709",2,2,4
"2710",2,2,4
"2711",2,2,4
"2712",2,2,4
"2713",2,2,4
"2714",2,2,2
"2715",2,2,2
"2716",2,2,2
"2717",1,2,2
"2718",1,2,2
"2719",1,2,2
"2720",1,1,1
"2721",1,2,2
"2722",1,2,2
"2723",1,2,2
"2724",1,1,1
"2725",1,1,1
"2726",1,1,2
"2727",1,1,2
"2728",1,1,2
"2729",1,1,2
"2730",1,2,2
"2731",2,2,4
"2732",2,2,2
"2733",2,2,2
"2734",2,2,2
"2735",2,2,2
"2736",2,2,2
"2737",2,2,4
"2738",2,2,4
"2739",2,2,4
"2740",1,1,1
"2741",1,1,1
"2742",1,2,2
"2743",1,2,2
"2744",1,2,2
"2745",1,2,4
"2746",1,2,2
"2747",1,2,2
"2748",1,2,2
"2749",2,2,4
"2750",2,2,2
"2751",2,2,2
"2752",2,2,2
"2753",2,2,2
"2754",2,2,2
"2755",2,2,4
"2756",2,2,4
"2757",2,2,2
"2758",2,2,4
"2759",2,2,4
"2760",2,2,4
"2761",2,2,2
"2762",1,2,2
"2763",1,2,2
"2764",1,1,1
"2765",1,1,1
"2766",1,1,1
"2767",1,1,1
"2768",1,1,1
"2769",1,1,1
"2770",1,1,1
"2771",1,1,1
"2772",1,1,1
"2773",1,1,1
"2774",1,1,1
"2775",1,1,1
"2776",1,1,1
"2777",1,1,2
"2778",1,1,2
"2779",1,1,1
"2780",1,1,1
"2781",1,1,1
"2782",1,1,1
"2783",1,1,1
"2784",1,1,1
"2785",1,1,1
"2786",1,1,1
"2787",1,1,2
"2788",1,1,2
"2789",1,1,1
"2790",1,1,1
"2791",1,1,2
"2792",1,2,2
"2793",2,3,4
"2794",2,3,4
"2795",2,2,2
"2796",1,1,1
"2797",1,1,1
"2798",1,1,1
"2799",1,1,2
"2800",1,1,2
"2801",1,2,2
"2802",1,2,2
"2803",2,2,4
"2804",2,2,2
"2805",1,1,1
"2806",1,1,1
"2807",1,2,2
"2808",1,2,2
"2809",1,2,2
"2810",1,2,2
"2811",1,2,2
"2812",1,2,2
"2813",1,2,2
"2814",1,1,1
"2815",1,1,1
"2816",1,1,1
"2817",1,1,1
"2818",1,1,1
"2819",1,1,1
"2820",1,1,1
"2821",1,1,1
"2822",1,1,2
"2823",1,2,2
"2824",1,2,2
"2825",1,2,2
"2826",1,1,2
"2827",1,1,2
"2828",1,1,2
"2829",1,1,2
"2830",1,1,2
"2831",1,2,2
"2832",1,2,2
"2833",1,2,2
"2834",1,2,2
"2835",1,2,2
"2836",1,2,2
"2837",1,2,2
"2838",1,2,2
"2839",1,2,2
"2840",1,2,2
"2841",1,1,1
"2842",1,1,1
"2843",1,1,1
"2844",1,1,1
"2845",1,2,2
"2846",2,3,4
"2847",2,3,4
"2848",1,2,2
"2849",1,1,2
"2850",1,1,2
"2851",2,2,2
"2852",2,3,4
"2853",2,3,4
"2854",2,3,4
"2855",2,3,4
"2856",2,3,4
"2857",2,3,4
"2858",2,3,4
"2859",2,3,4
"2860",2,3,4
"2861",2,3,4
"2862",2,3,4
"2863",2,3,4
"2864",2,3,4
"2865",2,3,4
"2866",2,3,4
"2867",2,3,4
"2868",2,3,4
"2869",2,3,4
"2870",2,3,4
"2871",2,3,4
"2872",2,2,4
"2873",2,2,4
"2874",2,2,4
"2875",2,2,4
"2876",2,2,4
"2877",2,2,4
"2878",2,2,4
"2879",2,2,4
"2880",2,2,4
"2881",2,2,4
"2882",1,1,1
"2883",1,1,1
"2884",1,1,1
"2885",1,1,1
"2886",1,2,2
"2887",1,2,2
"2888",2,3,4
"2889",2,3,4
"2890",2,3,4
"2891",2,3,4
"2892",2,3,4
"2893",2,3,4
"2894",2,3,4
"2895",2,3,4
"2896",2,3,4
"2897",2,3,4
"2898",2,2,2
"2899",2,2,2
"2900",2,2,2
"2901",2,2,2
"2902",2,2,2
"2903",2,2,4
"2904",2,3,4
"2905",2,3,4
"2906",2,3,4
"2907",1,1,1
"2908",1,1,1
"2909",1,2,2
"2910",1,2,4
"2911",1,1,1
"2912",1,2,2
"2913",2,2,4
"2914",2,2,4
"2915",2,2,4
"2916",2,2,4
"2917",2,2,4
"2918",2,2,4
"2919",2,2,4
"2920",2,2,4
"2921",2,2,2
"2922",2,2,2
"2923",2,2,2
"2924",1,1,2
"2925",1,1,1
"2926",1,1,2
"2927",2,2,4
"2928",2,2,4
"2929",2,2,4
"2930",2,2,4
"2931",2,3,4
"2932",2,3,4
"2933",2,2,2
"2934",2,2,2
"2935",2,2,2
"2936",2,2,2
"2937",2,2,4
"2938",2,3,4
"2939",2,3,4
"2940",2,3,4
"2941",2,3,4
"2942",2,3,4
"2943",2,3,4
"2944",2,3,4
"2945",2,3,4
"2946",2,3,4
"2947",2,3,4
"2948",2,2,2
"2949",2,2,2
"2950",2,3,4
"2951",2,3,4
"2952",2,3,4
"2953",2,3,4
"2954",2,2,2
"2955",2,2,2
"2956",2,2,2
"2957",2,3,4
"2958",2,3,4
"2959",2,3,4
"2960",2,3,4
"2961",2,3,4
"2962",2,3,4
"2963",2,3,4
"2964",2,3,4
"2965",2,3,3
"2966",2,3,3
"2967",2,3,3
"2968",2,3,3
"2969",2,3,4
"2970",2,2,2
"2971",2,2,2
"2972",2,2,4
"2973",2,2,4
"2974",2,2,2
"2975",2,2,2
"2976",2,2,2
"2977",2,3,4
"2978",2,3,4
"2979",2,3,4
"2980",2,3,4
"2981",2,3,4
"2982",2,3,4
"2983",2,3,4
"2984",2,3,4
"2985",2,3,4
"2986",1,2,2
"2987",1,2,2
"2988",1,1,1
"2989",1,1,2
"2990",1,2,2
"2991",2,2,4
"2992",2,2,4
"2993",2,2,4
"2994",2,2,4
"2995",2,2,4
"2996",2,2,2
"2997",2,2,2
"2998",2,3,4
"2999",2,3,4
"3000",2,3,4
"3001",2,2,4
"3002",1,2,2
"3003",1,2,2
"3004",1,2,2
"3005",1,2,2
"3006",1,2,2
"3007",1,2,2
"3008",1,2,2
"3009",1,2,2
"3010",1,2,2
"3011",1,2,2
"3012",1,2,2
"3013",1,2,2
"3014",1,2,2
"3015",1,2,2
"3016",1,2,2
"3017",1,2,2
"3018",1,2,2
"3019",2,2,2
"3020",2,3,4
"3021",2,3,4
"3022",2,3,4
"3023",2,3,4
"3024",1,1,1
"3025",1,1,1
"3026",1,1,1
"3027",1,1,1
"3028",1,2,2
"3029",1,2,2
"3030",1,2,2
"3031",1,2,2
"3032",1,1,1
"3033",1,1,1
"3034",1,1,1
"3035",1,1,1
"3036",1,1,1
"3037",2,2,2
"3038",2,3,4
"3039",2,3,4
"3040",2,2,2
"3041",1,1,1
"3042",1,1,1
"3043",1,1,1
"3044",1,1,1
"3045",1,1,2
"3046",2,2,2
"3047",2,3,4
"3048",2,3,4
"3049",2,3,3
"3050",2,3,4
"3051",2,3,4
"3052",2,3,4
"3053",2,2,2
"3054",2,2,2
"3055",2,2,2
"3056",2,2,4
"3057",2,3,4
"3058",2,3,4
"3059",2,3,4
"3060",2,3,2
"3061",2,3,4
"3062",2,3,4
"3063",2,2,4
"3064",2,2,2
"3065",2,2,2
"3066",2,2,4
"3067",2,2,4
"3068",2,2,2
"3069",1,1,1
"3070",1,1,1
"3071",1,1,1
"3072",1,1,1
"3073",1,1,1
"3074",1,1,1
"3075",1,2,2
"3076",1,2,2
"3077",2,3,4
"3078",2,3,4
"3079",2,3,4
"3080",1,2,2
"3081",1,2,2
"3082",1,2,2
"3083",1,2,2
"3084",1,2,2
"3085",1,2,2
"3086",1,2,2
"3087",1,2,2
"3088",1,2,2
"3089",1,2,2
"3090",1,2,2
"3091",2,2,4
"3092",2,2,2
"3093",1,2,2
"3094",1,2,2
"3095",1,1,1
"3096",1,1,1
"3097",1,1,1
"3098",1,1,1
"3099",1,1,1
"3100",1,1,1
"3101",1,1,1
"3102",1,1,1
"3103",1,1,1
"3104",1,2,2
"3105",2,2,2
"3106",2,2,2
"3107",2,2,2
"3108",2,2,2
"3109",1,2,2
"3110",1,2,2
"3111",1,2,2
"3112",2,3,4
"3113",2,3,4
"3114",2,3,4
"3115",2,2,2
"3116",1,2,2
"3117",1,2,2
"3118",1,2,2
"3119",1,2,2
"3120",1,2,2
"3121",1,2,2
"3122",2,2,4
"3123",2,2,4
"3124",2,2,2
"3125",2,3,4
"3126",2,3,4
"3127",2,3,4
"3128",2,3,4
"3129",2,3,4
"3130",2,3,4
"3131",2,2,4
"3132",1,2,2
"3133",1,2,2
"3134",1,1,1
"3135",1,1,1
"3136",1,1,1
"3137",1,1,1
"3138",1,1,2
"3139",1,1,2
"3140",1,1,2
"3141",1,1,2
"3142",1,1,2
"3143",1,1,2
"3144",2,2,2
"3145",2,2,4
"3146",2,2,4
"3147",2,2,2
"3148",2,2,2
"3149",2,3,4
"3150",2,3,4
"3151",2,3,4
"3152",2,3,4
"3153",2,3,4
"3154",2,3,3
"3155",2,3,3
"3156",2,2,4
"3157",1,2,2
"3158",1,2,2
"3159",1,2,2
"3160",1,1,1
"3161",1,1,1
"3162",1,1,1
"3163",1,1,1
"3164",1,2,2
"3165",2,3,4
"3166",2,3,4
"3167",2,3,4
"3168",2,3,4
"3169",2,2,2
"3170",2,2,2
"3171",2,2,4
"3172",2,2,2
"3173",1,1,1
"3174",1,1,1
"3175",1,1,1
"3176",1,2,2
"3177",1,2,2
"3178",1,2,2
"3179",2,3,4
"3180",2,3,4
"3181",2,3,4
"3182",2,3,4
"3183",2,3,4
"3184",2,3,4
"3185",2,3,4
"3186",2,3,3
"3187",2,3,4
"3188",2,3,4
"3189",2,3,4
"3190",2,3,4
"3191",2,2,2
"3192",2,2,2
"3193",2,2,2
"3194",2,2,2
"3195",2,2,2
"3196",2,2,2
"3197",2,2,2
"3198",2,2,2
"3199",2,2,4
"3200",2,2,4
"3201",2,2,2
"3202",2,2,2
"3203",2,2,2
"3204",1,1,1
"3205",1,1,1
"3206",1,1,1
"3207",1,1,1
"3208",1,1,1
"3209",1,1,1
"3210",1,1,1
"3211",1,1,1
"3212",1,1,1
"3213",1,1,1
"3214",1,1,1
"3215",1,1,1
"3216",1,1,1
"3217",1,1,1
"3218",1,1,1
"3219",1,1,1
"3220",1,2,2
"3221",1,2,2
"3222",1,2,2
"3223",1,2,2
"3224",1,2,2
"3225",1,2,2
"3226",1,2,2
"3227",1,1,2
"3228",1,1,2
"3229",1,1,2
"3230",1,1,2
"3231",1,1,2
"3232",1,1,2
"3233",1,1,2
"3234",1,1,1
"3235",1,1,1
"3236",1,1,1
"3237",1,1,1
"3238",1,1,1
"3239",1,1,1
"3240",1,1,1
"3241",1,1,1
"3242",1,1,1
"3243",1,1,1
"3244",1,1,1
"3245",1,1,1
"3246",1,1,1
"3247",1,1,2
"3248",1,1,2
"3249",1,1,1
"3250",1,1,1
"3251",1,1,1
"3252",1,1,1
"3253",1,2,2
"3254",2,2,4
"3255",2,2,2
"3256",2,2,2
"3257",2,2,2
"3258",2,2,2
"3259",2,2,2
"3260",2,2,2
"3261",2,3,4
"3262",2,3,4
"3263",2,3,4
"3264",2,3,4
"3265",2,3,4
"3266",2,3,4
"3267",2,3,4
"3268",2,3,4
"3269",2,2,2
"3270",2,2,2
"3271",2,2,2
"3272",1,1,1
"3273",1,1,1
"3274",1,1,2
"3275",1,1,2
"3276",1,1,1
"3277",1,2,2
"3278",2,3,4
"3279",2,3,4
"3280",2,3,4
"3281",2,3,4
"3282",2,3,4
"3283",2,3,4
"3284",2,3,4
"3285",2,3,4
"3286",2,3,4
"3287",2,2,4
"3288",2,2,2
"3289",2,2,2
"3290",2,3,4
"3291",2,3,4
"3292",2,3,4
"3293",2,3,4
"3294",2,3,4
"3295",2,2,4
"3296",1,2,2
"3297",1,2,2
"3298",1,2,2
"3299",1,2,2
"3300",1,2,2
"3301",1,2,2
"3302",2,3,4
"3303",2,3,4
"3304",2,3,4
"3305",2,2,2
"3306",2,2,2
"3307",1,1,1
"3308",1,1,1
"3309",1,1,1
"3310",1,1,1
"3311",1,1,1
"3312",1,1,1
"3313",1,1,1
"3314",1,1,1
"3315",1,1,1
"3316",1,1,1
"3317",1,1,1
"3318",1,1,1
"3319",1,2,2
"3320",1,2,2
"3321",1,1,1
"3322",1,1,1
"3323",1,1,1
"3324",1,1,1
"3325",1,1,1
"3326",1,1,1
"3327",1,1,1
"3328",1,1,1
"3329",1,2,2
"3330",2,2,2
"3331",2,3,4
"3332",2,3,4
"3333",1,2,2
"3334",1,1,2
"3335",1,1,2
"3336",1,1,2
"3337",1,1,2
"3338",1,1,2
"3339",1,2,2
"3340",1,2,2
"3341",1,1,1
"3342",1,1,1
"3343",1,1,1
"3344",1,1,1
"3345",1,1,1
"3346",1,1,1
"3347",1,1,1
"3348",1,1,1
"3349",1,1,1
"3350",1,1,2
"3351",1,1,2
"3352",1,1,1
"3353",1,1,1
"3354",1,2,2
"3355",1,2,2
"3356",1,2,2
"3357",2,2,4
"3358",2,3,4
"3359",2,3,3
"3360",2,3,3
"3361",2,3,3
"3362",2,3,3
"3363",1,1,1
"3364",1,1,1
"3365",1,1,1
"3366",1,1,2
"3367",1,1,2
"3368",1,1,2
"3369",1,2,2
"3370",2,2,4
"3371",2,2,4
"3372",2,2,4
"3373",2,2,4
"3374",2,2,4
"3375",2,2,2
"3376",2,2,2
"3377",2,2,2
"3378",2,2,2
"3379",1,1,1
"3380",1,1,1
"3381",1,2,2
"3382",2,3,4
"3383",2,3,4
"3384",2,3,4
"3385",2,3,4
"3386",1,1,2
"3387",1,1,1
"3388",1,1,1
"3389",1,2,2
"3390",2,3,4
"3391",2,3,4
"3392",2,2,4
"3393",1,2,2
"3394",1,1,1
"3395",1,1,1
"3396",1,1,1
"3397",1,1,1
"3398",1,1,1
"3399",1,1,1
"3400",1,1,1
"3401",1,2,2
"3402",1,2,2
"3403",1,2,2
"3404",1,2,2
"3405",1,2,2
"3406",1,2,2
"3407",1,2,2
"3408",1,1,1
"3409",1,1,1
"3410",1,1,1
"3411",1,1,1
"3412",1,1,1
"3413",1,1,1
"3414",1,1,2
"3415",1,1,1
"3416",1,1,1
"3417",1,1,1
"3418",1,2,2
"3419",1,2,2
"3420",1,2,2
"3421",1,2,2
"3422",1,2,2
"3423",1,2,4
"3424",1,2,4
"3425",1,1,2
"3426",1,1,1
"3427",1,1,1
"3428",1,1,1
"3429",1,1,1
"3430",1,1,1
"3431",1,1,1
"3432",1,1,1
"3433",1,1,1
"3434",1,1,1
"3435",1,1,1
"3436",1,1,1
"3437",1,1,1
"3438",1,1,1
"3439",1,1,1
"3440",1,2,2
"3441",1,2,2
"3442",1,2,2
"3443",1,2,2
"3444",1,2,2
"3445",1,2,2
"3446",1,2,2
"3447",1,2,2
"3448",1,2,2
"3449",1,2,2
"3450",2,2,4
"3451",2,2,4
"3452",2,2,4
"3453",2,3,4
"3454",2,3,4
"3455",2,3,4
"3456",2,3,4
"3457",2,3,4
"3458",2,3,4
"3459",2,3,4
"3460",2,3,4
"3461",2,2,2
"3462",2,2,2
"3463",2,2,2
"3464",2,2,2
"3465",1,1,1
"3466",1,2,2
"3467",2,2,4
"3468",2,2,4
"3469",2,2,4
"3470",2,3,4
"3471",2,3,4
"3472",2,3,4
"3473",2,3,4
"3474",2,2,4
"3475",2,2,4
"3476",2,2,4
"3477",1,1,2
"3478",1,1,1
"3479",1,1,1
"3480",1,1,1
"3481",1,1,2
"3482",1,2,2
"3483",1,2,2
"3484",1,2,2
"3485",1,2,2
"3486",2,2,2
"3487",2,3,4
"3488",2,3,4
"3489",2,3,4
"3490",2,3,4
"3491",2,3,4
"3492",2,3,4
"3493",2,3,4
"3494",2,3,4
"3495",2,3,4
"3496",2,3,4
"3497",2,2,2
"3498",2,2,2
"3499",2,3,4
"3500",2,3,4
"3501",2,3,4
"3502",2,3,4
"3503",2,3,4
"3504",2,3,4
"3505",2,3,4
"3506",2,3,4
"3507",2,3,4
"3508",2,3,4
"3509",2,3,4
"3510",2,3,4
"3511",2,2,4
"3512",2,2,4
"3513",2,2,2
"3514",2,3,4
"3515",2,3,4
"3516",2,3,4
"3517",2,2,4
"3518",2,2,4
"3519",2,2,4
"3520",2,2,4
"3521",2,2,2
"3522",2,2,2
"3523",2,2,2
"3524",2,2,2
"3525",2,2,2
"3526",2,2,2
"3527",2,3,4
"3528",2,3,4
"3529",2,3,4
"3530",2,3,4
"3531",2,2,2
"3532",2,2,2
"3533",2,3,4
"3534",2,3,4
"3535",2,3,4
"3536",2,3,4
"3537",1,1,2
"3538",1,1,1
"3539",1,1,1
"3540",1,1,1
"3541",1,1,1
"3542",1,1,2
"3543",1,2,4
"3544",1,2,2
"3545",1,2,2
"3546",1,2,2
"3547",1,2,2
"3548",1,2,2
"3549",1,2,2
"3550",1,2,2
"3551",1,2,2
"3552",2,3,4
"3553",2,3,4
"3554",2,3,4
"3555",2,3,3
"3556",2,3,3
"3557",2,3,4
"3558",2,3,4
"3559",2,2,2
"3560",1,2,2
"3561",1,2,2
"3562",1,2,2
"3563",1,2,2
"3564",1,2,4
"3565",1,2,2
"3566",1,2,2
"3567",1,2,2
"3568",1,2,2
"3569",1,2,2
"3570",1,2,2
"3571",1,2,2
"3572",1,1,1
"3573",1,1,1
"3574",1,1,1
"3575",1,1,1
"3576",1,1,1
"3577",1,2,2
"3578",2,3,4
"3579",2,3,4
"3580",2,3,4
"3581",2,3,4
"3582",2,3,4
"3583",1,2,2
"3584",1,2,2
"3585",1,2,2
"3586",1,2,2
"3587",1,2,2
"3588",1,2,2
"3589",1,2,2
"3590",1,2,2
"3591",1,2,2
"3592",1,2,2
"3593",2,2,4
"3594",2,3,4
"3595",2,2,4
"3596",2,2,2
"3597",2,2,2
"3598",2,2,2
"3599",2,2,2
"3600",2,2,4
"3601",2,2,4
"3602",1,1,1
"3603",1,1,1
"3604",1,1,1
"3605",2,2,2
"3606",2,2,4
"3607",2,2,2
"3608",2,2,2
"3609",2,2,2
"3610",2,3,4
"3611",2,3,4
"3612",2,3,4
"3613",2,2,2
"3614",1,1,1
"3615",1,1,1
"3616",1,2,2
"3617",1,2,2
"3618",2,2,4
"3619",2,2,4
"3620",2,2,4
"3621",2,2,4
"3622",2,2,4
"3623",2,2,4
"3624",2,2,4
"3625",2,2,4
"3626",2,2,2
"3627",2,2,2
"3628",2,2,2
"3629",2,2,2
"3630",2,2,4
"3631",1,2,2
"3632",1,1,1
"3633",1,1,1
"3634",1,1,1
"3635",1,1,1
"3636",1,1,1
"3637",1,1,1
"3638",1,1,1
"3639",1,1,1
"3640",1,1,1
"3641",1,1,1
"3642",2,2,2
"3643",2,2,4
"3644",2,2,4
"3645",2,3,4
"3646",2,3,4
"3647",1,2,2
"3648",1,2,2
"3649",1,2,2
"3650",1,2,2
"3651",1,2,4
"3652",1,2,2
"3653",1,1,1
"3654",1,1,1
"3655",1,1,1
"3656",1,1,1
"3657",1,1,1
"3658",1,1,1
"3659",2,2,2
"3660",2,2,2
"3661",2,2,2
"3662",2,3,4
"3663",2,3,4
"3664",2,2,4
"3665",2,2,4
"3666",2,2,2
"3667",2,2,2
"3668",2,2,4
"3669",2,3,4
"3670",2,3,4
"3671",2,2,2
"3672",2,2,4
"3673",1,1,2
"3674",1,1,1
"3675",1,1,1
"3676",1,1,1
"3677",1,1,2
"3678",1,1,2
"3679",1,1,1
"3680",1,1,1
"3681",1,1,1
"3682",1,1,1
"3683",1,1,1
"3684",1,1,1
"3685",1,1,1
"3686",1,1,1
"3687",1,2,2
"3688",1,2,2
"3689",1,1,1
"3690",1,1,1
"3691",1,2,2
"3692",2,3,4
"3693",2,3,3
"3694",2,3,3
"3695",2,3,3
"3696",2,3,3
"3697",2,3,3
"3698",2,2,4
"3699",2,2,4
"3700",2,2,2
"3701",1,1,1
"3702",1,1,1
"3703",1,2,2
"3704",1,2,2
"3705",1,2,2
"3706",1,2,2
"3707",1,2,2
"3708",1,2,2
"3709",2,3,4
"3710",2,3,3
"3711",2,3,4
"3712",2,2,2
"3713",2,2,2
"3714",2,2,2
"3715",2,2,2
"3716",2,2,4
"3717",2,2,4
"3718",2,3,4
"3719",2,3,4
"3720",2,3,4
"3721",2,3,4
"3722",2,3,4
"3723",1,2,2
"3724",1,2,2
"3725",1,1,2
"3726",1,1,1
"3727",1,1,1
"3728",2,2,2
"3729",2,2,4
"3730",2,2,4
"3731",2,2,2
"3732",2,2,2
"3733",2,2,4
"3734",2,3,4
"3735",2,3,4
"3736",1,2,2
"3737",1,2,2
"3738",1,2,2
"3739",1,2,2
"3740",1,2,2
"3741",1,2,2
"3742",1,2,2
"3743",1,2,2
"3744",1,2,2
"3745",1,1,2
"3746",1,1,2
"3747",1,1,1
"3748",1,1,1
"3749",1,1,1
"3750",1,2,2
"3751",2,3,4
"3752",2,3,4
"3753",2,3,4
"3754",2,3,4
"3755",2,3,4
"3756",2,2,2
"3757",2,2,2
"3758",2,2,4
"3759",2,2,4
"3760",2,3,4
"3761",2,3,4
"3762",2,3,4
"3763",2,3,4
"3764",2,3,4
"3765",2,2,4
"3766",2,2,2
"3767",1,2,2
"3768",1,2,2
"3769",1,2,2
"3770",1,2,2
"3771",1,2,2
"3772",1,2,2
"3773",1,2,2
"3774",2,3,4
"3775",2,3,4
"3776",2,3,4
"3777",2,3,4
"3778",2,2,4
"3779",1,2,2
"3780",1,2,2
"3781",1,2,2
"3782",1,1,1
"3783",1,1,1
"3784",1,1,1
"3785",1,2,2
"3786",1,2,2
"3787",1,1,1
"3788",1,1,2
"3789",1,2,2
"3790",2,2,4
"3791",2,3,4
"3792",2,3,4
"3793",2,3,4
"3794",2,2,4
"3795",2,2,2
"3796",2,2,2
"3797",2,2,2
"3798",2,2,2
"3799",2,2,2
"3800",2,2,2
"3801",2,2,4
"3802",2,2,4
"3803",2,2,4
"3804",2,2,2
"3805",2,2,2
"3806",1,2,2
"3807",1,2,2
"3808",1,1,1
"3809",1,1,1
"3810",1,2,2
"3811",1,2,2
"3812",1,2,2
"3813",1,2,2
"3814",1,2,2
"3815",1,2,2
"3816",1,2,2
"3817",1,2,2
"3818",1,2,2
"3819",1,2,2
"3820",2,2,4
"3821",2,2,4
"3822",2,2,4
"3823",2,2,4
"3824",1,1,1
"3825",1,1,1
"3826",1,1,1
"3827",2,2,2
"3828",2,2,4
"3829",2,2,4
"3830",2,3,4
"3831",2,3,4
"3832",2,3,4
"3833",2,3,4
"3834",2,3,4
"3835",2,3,4
"3836",2,2,2
"3837",1,1,1
"3838",1,1,1
"3839",1,1,1
"3840",1,1,1
"3841",1,1,2
"3842",1,1,2
"3843",1,2,2
"3844",1,2,2
"3845",1,2,2
"3846",1,2,2
"3847",1,2,2
"3848",1,2,2
"3849",1,2,2
"3850",1,2,1
"3851",1,2,2
"3852",2,2,4
"3853",2,2,4
"3854",2,2,4
"3855",2,2,4
"3856",2,2,4
"3857",2,2,4
"3858",2,2,4
"3859",2,2,4
"3860",2,2,4
"3861",2,2,2
"3862",2,2,2
"3863",2,3,4
"3864",1,2,2
"3865",1,2,2
"3866",1,2,2
"3867",1,2,1
"3868",1,2,2
"3869",2,3,4
"3870",2,3,4
"3871",2,3,4
"3872",1,2,2
"3873",1,2,2
"3874",1,1,1
"3875",1,1,1
"3876",1,1,2
"3877",1,1,2
"3878",1,1,2
"3879",1,1,2
"3880",1,1,2
"3881",1,1,2
"3882",1,1,2
"3883",1,1,2
"3884",1,1,2
"3885",1,1,2
"3886",2,2,2
"3887",2,3,4
"3888",2,3,4
"3889",2,3,4
"3890",2,3,4
"3891",2,3,4
"3892",2,2,4
"3893",2,2,2
"3894",2,2,2
"3895",2,2,2
"3896",2,2,2
"3897",2,2,2
"3898",2,2,2
"3899",2,2,2
"3900",2,2,2
"3901",2,2,2
"3902",2,2,2
"3903",2,2,2
"3904",2,2,4
"3905",2,2,2
"3906",2,2,2
"3907",2,2,4
"3908",2,2,4
"3909",1,2,2
"3910",1,1,1
"3911",1,1,2
"3912",2,2,4
"3913",2,2,4
"3914",2,2,4
"3915",1,2,2
"3916",1,2,2
"3917",1,1,1
"3918",1,1,1
"3919",1,1,1
"3920",1,1,1
"3921",1,2,2
"3922",1,2,2
"3923",1,2,2
"3924",2,2,4
"3925",2,2,4
"3926",2,3,4
"3927",2,2,4
"3928",2,2,2
"3929",2,2,2
"3930",2,2,2
"3931",2,2,2
"3932",2,2,2
"3933",1,1,2
"3934",1,1,1
"3935",1,1,1
"3936",1,2,2
"3937",2,3,4
"3938",2,3,4
"3939",2,2,2
"3940",2,2,2
"3941",2,3,4
"3942",2,3,4
"3943",2,3,4
"3944",2,3,4
"3945",2,2,2
"3946",2,2,2
"3947",2,2,2
"3948",1,2,2
"3949",1,2,2
"3950",1,2,2
"3951",2,2,2
"3952",2,3,4
"3953",2,3,4
"3954",2,3,4
"3955",2,3,4
"3956",2,3,4
"3957",2,3,4
"3958",2,3,4
"3959",2,3,4
"3960",1,2,2
"3961",1,1,1
"3962",1,1,1
"3963",1,1,1
"3964",1,1,1
"3965",1,1,1
"3966",2,2,2
"3967",2,3,4
"3968",2,3,4
"3969",2,3,4
"3970",2,3,4
"3971",2,3,4
"3972",2,3,4
"3973",2,3,4
"3974",2,3,4
"3975",2,3,4
"3976",2,3,4
"3977",2,2,4
"3978",2,2,2
"3979",1,1,1
"3980",1,1,1
"3981",1,1,1
"3982",1,1,2
"3983",1,1,2
"3984",1,1,2
"3985",1,1,2
"3986",1,2,2
"3987",1,2,2
"3988",1,2,2
"3989",1,1,1
"3990",1,1,1
"3991",1,2,2
"3992",1,2,2
"3993",1,2,2
"3994",1,2,2
"3995",1,2,2
"3996",1,2,2
"3997",1,2,2
"3998",1,2,2
"3999",1,2,2
"4000",1,2,2
"4001",1,1,1
"4002",1,1,1
"4003",1,2,2
"4004",1,2,2
"4005",1,2,2
"4006",1,2,2
"4007",1,2,2
"4008",1,2,2
"4009",1,2,2
"4010",1,2,2
"4011",1,1,1
"4012",1,1,1
"4013",1,1,1
"4014",1,1,1
"4015",1,2,2
"4016",2,2,4
"4017",2,2,4
"4018",2,2,4
"4019",2,2,4
"4020",2,2,2
"4021",2,2,2
"4022",2,2,2
"4023",2,3,4
"4024",2,3,4
"4025",2,2,2
"4026",1,1,2
"4027",1,1,2
"4028",2,2,2
"4029",2,2,4
"4030",2,2,2
"4031",2,2,2
"4032",2,2,2
"4033",2,3,4
"4034",2,3,4
"4035",2,3,4
"4036",2,2,4
"4037",2,2,4
"4038",2,2,4
"4039",2,2,2
"4040",2,2,2
"4041",2,2,2
"4042",2,2,2
"4043",2,2,2
"4044",2,2,2
"4045",2,3,4
"4046",2,3,4
"4047",2,2,4
"4048",2,2,2
"4049",2,2,2
"4050",2,3,4
"4051",2,3,4
"4052",2,3,4
"4053",2,3,4
"4054",2,3,4
"4055",2,3,4
"4056",2,3,4
"4057",2,3,4
"4058",2,3,4
"4059",2,3,4
"4060",2,3,4
"4061",2,3,4
"4062",2,3,4
"4063",2,3,4
"4064",2,3,4
"4065",2,3,4
"4066",2,3,4
"4067",2,3,4
"4068",2,3,4
"4069",2,3,4
"4070",2,3,4
"4071",2,3,4
"4072",2,3,4
"4073",2,3,4
"4074",2,2,4
"4075",1,1,2
"4076",1,1,1
"4077",1,1,1
"4078",1,1,1
"4079",1,1,1
"4080",2,2,2
"4081",2,3,4
"4082",1,1,2
"4083",1,1,1
"4084",1,1,1
"4085",1,1,1
"4086",1,1,1
"4087",2,2,2
"4088",2,3,4
"4089",2,3,4
"4090",2,3,4
"4091",2,3,4
"4092",1,1,2
"4093",1,1,2
"4094",1,1,2
"4095",1,1,2
"4096",1,1,1
"4097",1,1,1
"4098",1,1,1
"4099",1,1,1
"4100",1,2,2
"4101",1,2,2
"4102",2,3,4
"4103",2,2,2
"4104",1,1,1
"4105",1,1,1
"4106",1,1,1
"4107",1,1,1
"4108",1,1,1
"4109",1,1,1
"4110",1,1,2
"4111",1,1,2
"4112",1,1,2
"4113",1,1,1
"4114",1,1,1
"4115",1,1,1
"4116",1,1,1
"4117",1,1,1
"4118",1,1,1
"4119",1,1,1
"4120",1,1,1
"4121",1,1,1
"4122",1,2,2
"4123",2,2,2
"4124",2,2,2
"4125",2,2,2
"4126",2,2,2
"4127",2,3,4
"4128",2,3,4
"4129",2,3,4
"4130",2,3,4
"4131",2,1,1
"4132",2,2,2
"4133",2,2,4
"4134",2,2,4
"4135",2,2,2
"4136",1,1,2
"4137",1,1,2
"4138",1,1,2
"4139",1,1,2
"4140",1,1,2
"4141",1,1,2
"4142",1,1,2
"4143",1,1,1
"4144",1,1,1
"4145",1,1,1
"4146",1,1,1
"4147",1,1,1
"4148",1,1,2
"4149",2,2,4
"4150",2,2,4
"4151",2,2,2
"4152",1,2,2
"4153",1,2,2
"4154",1,1,1
"4155",1,1,1
"4156",1,1,1
"4157",1,2,2
"4158",1,2,2
"4159",1,2,2
"4160",1,2,2
"4161",1,2,2
"4162",1,2,2
"4163",1,2,2
"4164",2,2,4
"4165",2,2,4
"4166",2,2,4
"4167",1,2,2
"4168",1,2,2
"4169",1,2,2
"4170",1,2,2
"4171",1,2,2
"4172",2,3,4
"4173",2,3,4
"4174",2,3,4
"4175",2,3,4
"4176",2,3,4
"4177",2,3,4
"4178",2,3,4
"4179",2,3,4
"4180",2,2,2
"4181",2,1,1
"4182",2,2,2
"4183",2,3,4
"4184",2,3,4
"4185",2,3,4
"4186",2,3,4
"4187",2,3,4
"4188",2,3,4
"4189",2,3,4
"4190",2,3,4
"4191",2,2,4
"4192",2,2,2
"4193",2,2,2
"4194",2,2,2
"4195",2,2,2
"4196",2,2,2
"4197",2,2,2
"4198",2,3,4
"4199",2,3,4
"4200",2,2,4
"4201",2,2,2
"4202",2,2,2
"4203",2,3,4
"4204",2,3,4
"4205",2,3,4
"4206",2,2,2
"4207",2,2,2
"4208",2,2,2
"4209",2,2,2
"4210",2,2,2
"4211",2,2,2
"4212",2,2,2
"4213",2,2,2
"4214",2,2,2
"4215",2,2,2
"4216",2,3,4
"4217",2,3,4
"4218",1,1,2
"4219",1,1,2
"4220",1,1,2
"4221",1,1,2
"4222",2,2,2
"4223",2,3,4
"4224",2,3,4
"4225",1,1,2
"4226",1,1,1
"4227",1,1,1
"4228",1,1,1
"4229",1,1,1
"4230",1,1,1
"4231",1,2,2
"4232",1,2,2
"4233",1,2,2
"4234",1,2,2
"4235",1,2,2
"4236",1,2,2
"4237",1,1,1
"4238",1,1,1
"4239",1,1,1
"4240",1,1,1
"4241",1,1,1
"4242",1,1,1
"4243",1,1,1
"4244",1,1,1
"4245",1,1,1
"4246",1,1,1
"4247",1,1,1
"4248",1,1,1
"4249",1,1,1
"4250",1,1,1
"4251",1,1,1
"4252",1,1,1
"4253",1,1,1
"4254",1,1,1
"4255",1,1,1
"4256",1,1,1
"4257",1,1,1
"4258",1,1,1
"4259",1,1,1
"4260",1,1,1
"4261",1,2,2
"4262",1,2,2
"4263",1,2,2
"4264",1,2,2
"4265",1,1,2
"4266",1,1,2
"4267",1,1,2
"4268",1,1,2
"4269",1,1,2
"4270",1,1,2
"4271",1,1,2
"4272",1,1,1
"4273",1,1,1
"4274",1,1,1
"4275",1,2,2
"4276",2,3,4
"4277",2,3,4
"4278",2,3,4
"4279",2,3,4
"4280",2,3,4
"4281",2,3,4
"4282",2,3,4
"4283",2,3,3
"4284",2,3,3
"4285",2,2,4
"4286",2,2,2
"4287",2,2,2
"4288",2,2,2
"4289",2,2,4
"4290",2,2,2
"4291",2,2,2
"4292",2,2,2
"4293",2,2,2
"4294",2,2,2
"4295",1,2,2
"4296",1,1,2
"4297",1,1,1
"4298",1,1,1
"4299",1,1,1
"4300",1,1,1
"4301",1,1,1
"4302",1,1,2
"4303",2,2,4
"4304",2,3,4
"4305",2,3,4
"4306",2,3,4
"4307",2,3,4
"4308",2,3,4
"4309",2,3,4
"4310",2,3,4
"4311",2,3,4
"4312",2,2,2
"4313",2,2,2
"4314",2,2,2
"4315",2,3,4
"4316",2,3,4
"4317",2,3,4
"4318",2,2,2
"4319",2,2,2
"4320",1,1,1
"4321",1,1,1
"4322",1,1,1
"4323",1,1,1
"4324",1,2,2
"4325",1,2,2
"4326",1,2,2
"4327",2,2,2
"4328",2,2,4
"4329",2,2,4
"4330",2,2,4
"4331",1,1,1
"4332",1,1,1
"4333",2,2,2
"4334",2,2,2
"4335",2,2,2
"4336",2,3,4
"4337",2,3,4
"4338",2,3,4
"4339",2,2,4
"4340",2,2,2
"4341",2,2,2
"4342",2,2,2
"4343",2,3,4
"4344",2,3,4
"4345",2,3,4
"4346",2,3,4
"4347",2,3,4
"4348",2,2,2
"4349",1,2,2
"4350",1,2,2
"4351",1,2,2
"4352",1,2,2
"4353",2,2,2
"4354",2,2,2
"4355",2,2,2
"4356",2,2,2
"4357",1,1,1
"4358",1,1,2
"4359",1,1,2
"4360",1,1,2
"4361",1,1,2
"4362",1,1,2
"4363",2,2,4
"4364",2,2,4
"4365",2,2,4
"4366",2,2,4
"4367",2,2,2
"4368",2,2,2
"4369",2,2,4
"4370",2,2,4
"4371",1,1,1
"4372",1,1,1
"4373",1,1,1
"4374",1,1,1
"4375",2,2,2
"4376",2,3,4
"4377",2,3,4
"4378",1,2,2
"4379",1,2,2
"4380",1,2,2
"4381",1,2,2
"4382",1,2,2
"4383",1,1,1
"4384",1,1,1
"4385",1,1,1
"4386",1,1,1
"4387",1,2,2
"4388",1,2,2
"4389",1,2,2
"4390",1,1,2
"4391",1,1,1
"4392",1,2,2
"4393",2,2,2
"4394",2,2,2
"4395",2,2,2
"4396",2,3,4
"4397",2,3,4
"4398",1,1,2
"4399",1,1,1
"4400",1,1,1
"4401",1,1,1
"4402",1,2,2
"4403",2,3,4
"4404",2,3,4
"4405",1,1,1
"4406",1,2,2
"4407",1,2,2
"4408",1,2,2
"4409",1,2,2
"4410",1,1,1
"4411",1,1,1
"4412",1,1,1
"4413",1,1,1
"4414",1,1,1
"4415",1,1,1
"4416",1,1,2
"4417",2,2,2
"4418",2,2,2
"4419",2,2,2
"4420",2,2,4
"4421",2,3,4
"4422",1,2,2
"4423",1,1,1
"4424",1,1,1
"4425",1,1,1
"4426",1,1,1
"4427",2,2,2
"4428",2,3,4
"4429",2,3,4
"4430",2,3,4
"4431",1,2,2
"4432",1,2,2
"4433",1,2,2
"4434",1,2,2
"4435",1,2,2
"4436",1,2,2
"4437",2,2,2
"4438",2,3,4
"4439",2,3,4
"4440",2,2,2
"4441",2,2,2
"4442",2,2,4
"4443",2,2,4
"4444",1,2,2
"4445",1,1,2
"4446",1,1,2
"4447",1,1,2
"4448",1,1,2
"4449",1,1,2
"4450",1,1,1
"4451",1,1,2
"4452",1,1,2
"4453",1,1,2
"4454",2,2,4
"4455",2,3,4
"4456",2,3,4
"4457",2,3,4
"4458",1,1,2
"4459",1,1,1
"4460",1,1,1
"4461",1,1,1
"4462",1,2,2
"4463",2,3,4
"4464",2,3,4
"4465",2,3,4
"4466",2,3,3
"4467",2,3,3
"4468",2,3,3
"4469",1,2,1
"4470",1,1,1
"4471",1,1,1
"4472",1,1,1
"4473",1,2,2
"4474",1,2,2
"4475",2,3,4
"4476",2,3,4
"4477",2,3,4
"4478",2,3,4
"4479",1,2,2
"4480",1,2,2
"4481",1,2,2
"4482",1,2,2
"4483",1,2,2
"4484",1,1,1
"4485",1,1,1
"4486",1,2,2
"4487",1,2,2
"4488",1,2,2
"4489",1,1,1
"4490",1,1,1
"4491",1,1,1
"4492",1,1,1
"4493",1,1,1
"4494",1,1,1
"4495",1,1,1
"4496",1,1,1
"4497",1,2,2
"4498",2,2,2
"4499",2,3,4
"4500",2,3,4
"4501",2,3,4
"4502",1,1,2
"4503",1,1,2
"4504",1,1,2
"4505",1,1,2
"4506",1,1,2
"4507",1,1,1
"4508",1,2,2
"4509",1,2,2
"4510",2,2,4
"4511",2,3,4
"4512",2,3,4
"4513",2,3,4
"4514",1,2,2
"4515",1,2,2
"4516",1,2,2
"4517",1,2,2
"4518",1,1,1
"4519",1,1,1
"4520",1,1,1
"4521",1,2,2
"4522",2,2,2
"4523",2,3,4
"4524",2,3,4
"4525",2,3,4
"4526",2,2,4
"4527",2,2,4
"4528",2,2,4
"4529",2,2,2
"4530",2,2,2
"4531",2,2,2
"4532",1,2,2
"4533",1,2,2
"4534",1,2,2
"4535",1,2,2
"4536",1,2,2
"4537",1,1,1
"4538",1,1,1
"4539",1,1,1
"4540",1,1,1
"4541",1,1,1
"4542",1,2,2
"4543",1,2,2
"4544",2,2,2
"4545",2,2,4
"4546",2,2,4
"4547",2,2,4
"4548",1,2,2
"4549",1,1,1
"4550",1,2,2
"4551",1,2,2
"4552",2,3,4
"4553",2,3,4
"4554",2,2,2
"4555",2,2,2
"4556",2,2,2
"4557",2,2,2
"4558",2,2,4
"4559",2,2,2
"4560",2,2,4
"4561",1,1,1
"4562",1,1,1
"4563",1,1,1
"4564",1,1,1
"4565",1,1,1
"4566",1,1,1
"4567",1,1,1
"4568",2,2,2
"4569",2,2,2
"4570",2,2,2
"4571",2,2,2
"4572",2,2,2
"4573",2,2,2
"4574",2,2,2
"4575",2,2,2
"4576",1,1,1
"4577",1,1,1
"4578",1,1,1
"4579",1,2,2
"4580",1,2,2
"4581",1,1,1
"4582",1,1,1
"4583",1,1,1
"4584",1,2,2
"4585",1,2,2
"4586",1,2,2
"4587",1,2,2
"4588",1,1,2
"4589",1,1,1
"4590",1,1,1
"4591",1,1,2
"4592",1,2,2
"4593",1,2,2
"4594",1,2,2
"4595",1,2,2
"4596",1,1,1
"4597",1,1,1
"4598",1,1,1
"4599",1,1,1
"4600",1,1,1
"4601",1,2,2
"4602",1,2,2
"4603",1,2,2
"4604",2,3,4
"4605",2,3,4
"4606",2,3,3
"4607",2,3,4
"4608",2,2,2
"4609",2,2,2
"4610",1,1,1
"4611",1,1,1
"4612",1,1,1
"4613",1,1,1
"4614",1,1,1
"4615",1,1,1
"4616",1,1,1
"4617",1,1,1
"4618",1,1,1
"4619",1,1,1
"4620",1,1,1
"4621",1,1,1
"4622",1,1,1
"4623",1,1,1
"4624",1,1,1
"4625",1,1,1
"4626",1,1,1
"4627",1,1,1
"4628",1,1,1
"4629",1,1,1
"4630",1,1,1
"4631",1,1,1
"4632",1,1,1
"4633",1,1,1
"4634",1,1,1
"4635",1,1,1
"4636",1,1,1
"4637",1,1,1
"4638",1,2,2
"4639",2,3,4
"4640",2,3,4
"4641",2,3,4
"4642",1,1,1
"4643",1,1,1
"4644",1,1,1
"4645",1,2,2
"4646",1,2,2
"4647",1,2,2
"4648",2,3,4
"4649",2,3,4
"4650",2,3,4
"4651",2,3,4
"4652",2,3,3
"4653",2,3,3
"4654",2,3,4
"4655",2,3,4
"4656",2,3,4
"4657",2,3,4
"4658",2,3,4
"4659",2,3,3
"4660",2,3,4
"4661",2,3,4
"4662",2,3,4
"4663",2,3,4
"4664",1,1,1
"4665",1,1,1
"4666",1,2,2
"4667",2,3,4
"4668",2,3,4
"4669",2,3,3
"4670",2,3,4
"4671",2,3,4
"4672",2,3,4
"4673",2,3,4
"4674",2,3,4
"4675",2,3,4
"4676",2,3,4
"4677",2,3,4
"4678",2,3,4
"4679",2,3,4
"4680",2,3,4
"4681",2,3,4
"4682",2,3,4
"4683",2,3,4
"4684",2,3,4
"4685",2,2,2
"4686",1,1,1
"4687",1,1,1
"4688",2,2,2
"4689",2,2,2
"4690",2,2,4
"4691",2,2,4
"4692",2,2,4
"4693",2,2,4
"4694",2,2,4
"4695",2,2,4
"4696",2,2,2
"4697",1,2,2
"4698",1,1,2
"4699",1,1,1
"4700",1,1,1
"4701",1,2,2
"4702",1,2,2
"4703",1,2,2
"4704",2,3,4
"4705",2,3,4
"4706",2,3,4
"4707",2,3,4
"4708",2,2,2
"4709",2,2,2
"4710",2,2,2
"4711",2,2,2
"4712",2,2,2
"4713",2,2,2
"4714",1,1,1
"4715",1,1,2
"4716",1,1,2
"4717",1,1,2
"4718",1,1,2
"4719",1,1,2
"4720",1,1,1
"4721",1,1,1
"4722",1,1,1
"4723",1,1,1
"4724",1,1,1
"4725",1,1,1
"4726",1,1,1
"4727",1,1,1
"4728",1,1,1
"4729",1,1,1
"4730",1,1,1
"4731",1,1,1
"4732",1,1,1
"4733",1,1,1
"4734",1,1,1
"4735",1,1,1
"4736",1,1,1
"4737",2,2,2
"4738",2,2,2
"4739",2,3,4
"4740",2,3,4
"4741",2,2,2
"4742",2,2,2
"4743",2,2,2
"4744",2,2,4
"4745",2,2,4
"4746",2,2,2
"4747",2,2,2
"4748",2,2,2
"4749",2,3,4
"4750",2,3,4
"4751",2,3,4
"4752",2,3,4
"4753",2,2,2
"4754",2,2,2
"4755",2,2,2
"4756",2,2,2
"4757",2,2,2
"4758",2,2,2
"4759",2,2,2
"4760",2,2,2
"4761",2,2,4
"4762",2,2,4
"4763",2,2,2
"4764",2,2,2
"4765",2,2,2
"4766",2,2,2
"4767",2,2,2
"4768",2,2,2
"4769",2,3,4
"4770",2,3,4
"4771",2,2,2
"4772",2,2,2
"4773",2,2,2
"4774",2,2,2
"4775",2,3,4
"4776",2,3,4
"4777",2,3,4
"4778",2,3,3
"4779",2,3,3
"4780",2,3,4
"4781",2,2,2
"4782",2,2,2
"4783",2,2,2
"4784",2,2,2
"4785",2,2,2
"4786",2,2,2
"4787",2,2,2
"4788",2,2,2
"4789",2,2,4
"4790",2,3,4
"4791",2,2,2
"4792",1,2,2
"4793",1,2,1
"4794",1,2,2
"4795",1,2,2
"4796",2,3,4
"4797",2,3,4
"4798",2,2,2
"4799",2,2,2
"4800",2,2,2
"4801",2,2,2
"4802",2,2,4
"4803",2,2,4
"4804",2,3,4
"4805",2,3,4
"4806",2,3,4
"4807",2,3,4
"4808",2,3,4
"4809",2,3,4
"4810",2,3,3
"4811",2,3,4
"4812",1,2,2
"4813",1,1,1
"4814",1,1,1
"4815",1,1,1
"4816",1,1,2
"4817",1,1,2
"4818",1,1,1
"4819",1,1,1
"4820",1,1,1
"4821",1,1,2
"4822",1,1,2
"4823",1,1,2
"4824",1,1,1
"4825",1,1,1
"4826",1,1,1
"4827",1,1,2
"4828",1,1,2
"4829",1,1,1
"4830",1,1,1
"4831",1,2,2
"4832",1,2,2
"4833",1,2,2
"4834",1,2,2
"4835",1,2,2
"4836",1,2,2
"4837",1,1,2
"4838",1,1,1
"4839",1,1,1
"4840",1,1,1
"4841",1,1,1
"4842",1,1,1
"4843",1,2,2
"4844",1,2,2
"4845",1,2,2
"4846",1,2,2
"4847",1,2,2
"4848",1,2,2
"4849",1,2,2
"4850",1,2,2
"4851",1,2,2
"4852",1,2,2
"4853",1,2,2
"4854",2,2,4
"4855",2,3,4
"4856",2,3,4
"4857",2,3,4
"4858",2,3,4
"4859",1,1,1
"4860",1,1,1
"4861",1,1,2
"4862",2,2,4
"4863",2,3,4
"4864",2,3,4
"4865",1,2,2
"4866",1,1,1
"4867",1,1,1
"4868",1,1,1
"4869",1,2,2
"4870",1,2,2
"4871",1,2,2
"4872",2,2,4
"4873",2,2,4
"4874",2,2,4
"4875",2,2,4
"4876",1,2,2
"4877",1,2,2
"4878",1,2,2
"4879",1,2,2
"4880",1,2,2
"4881",1,2,2
"4882",2,3,4
"4883",2,3,4
"4884",2,3,4
"4885",2,3,4
"4886",2,3,4
"4887",2,3,4
"4888",2,3,4
"4889",2,3,4
"4890",2,3,4
"4891",2,3,4
"4892",2,3,4
"4893",2,3,4
"4894",2,2,2
"4895",2,2,2
"4896",2,2,2
"4897",2,2,2
"4898",2,2,2
"4899",2,2,2
"4900",1,2,2
"4901",1,1,1
"4902",1,1,1
"4903",1,2,2
"4904",2,2,4
"4905",2,2,4
"4906",2,2,4
"4907",2,2,2
"4908",1,1,1
"4909",1,1,1
"4910",1,2,2
"4911",1,2,2
"4912",1,2,2
"4913",1,2,2
"4914",1,2,2
"4915",1,2,4
"4916",1,1,3
"4917",1,1,1
"4918",1,1,1
"4919",2,2,2
"4920",2,2,4
"4921",2,2,4
"4922",2,2,2
"4923",2,2,2
"4924",2,2,2
"4925",2,2,2
"4926",1,2,2
"4927",1,2,2
"4928",1,2,2
"4929",1,2,1
"4930",1,2,2
"4931",2,2,4
"4932",2,2,4
"4933",2,2,4
"4934",2,2,4
"4935",2,2,4
"4936",2,2,4
"4937",2,2,2
"4938",2,2,2
"4939",2,2,2
"4940",2,2,2
"4941",2,2,2
"4942",2,2,2
"4943",2,2,2
"4944",2,2,4
"4945",2,3,4
"4946",2,3,4
"4947",2,3,4
"4948",2,3,4
"4949",2,3,4
"4950",2,3,4
"4951",2,2,2
"4952",2,2,2
"4953",2,2,2
"4954",2,2,2
"4955",2,2,2
"4956",2,2,2
"4957",2,2,2
"4958",2,3,4
"4959",2,3,3
"4960",2,3,3
"4961",2,3,4
"4962",1,1,1
"4963",1,1,1
"4964",1,1,1
"4965",1,1,1
"4966",1,1,1
"4967",1,1,1
"4968",1,1,1
"4969",1,1,1
"4970",1,1,1
"4971",1,1,1
"4972",1,1,1
"4973",1,1,1
"4974",1,1,1
"4975",1,1,2
"4976",1,1,2
"4977",2,2,2
"4978",2,2,2
"4979",2,2,2
"4980",2,2,4
"4981",2,2,4
"4982",1,1,1
"4983",1,1,1
"4984",1,1,1
"4985",1,1,1
"4986",1,1,1
"4987",1,1,1
"4988",1,1,1
"4989",1,1,1
"4990",1,1,1
"4991",1,1,1
"4992",1,1,1
"4993",1,1,1
"4994",1,1,1
"4995",1,1,1
"4996",1,1,1
"4997",1,2,2
"4998",2,2,2
"4999",2,2,4
"5000",2,3,4
"5001",2,3,4
"5002",2,3,4
"5003",2,3,4
"5004",1,2,2
"5005",1,2,2
"5006",1,2,2
"5007",1,2,4
"5008",1,1,2
"5009",1,1,1
"5010",1,1,1
"5011",2,2,2
"5012",2,3,4
"5013",2,3,3
"5014",2,3,3
"5015",2,3,3
"5016",2,3,4
"5017",1,2,2
"5018",1,1,1
"5019",1,1,1
"5020",1,1,1
"5021",1,2,2
"5022",2,2,2
"5023",2,2,2
"5024",2,2,4
"5025",2,2,4
"5026",2,2,4
"5027",2,2,2
"5028",2,2,2
"5029",2,3,4
"5030",2,3,4
"5031",2,3,4
"5032",1,2,2
"5033",1,1,1
"5034",1,1,1
"5035",1,2,2
"5036",2,2,2
"5037",2,2,4
"5038",2,3,4
"5039",2,3,4
"5040",2,3,4
"5041",2,3,4
"5042",2,3,4
"5043",2,3,4
"5044",2,2,4
"5045",2,2,4
"5046",2,2,4
"5047",2,3,4
"5048",2,3,4
"5049",2,3,4
"5050",2,3,4
"5051",2,3,4
"5052",2,3,4
"5053",2,3,4
"5054",2,3,4
"5055",2,3,4
"5056",2,3,4
"5057",2,3,4
"5058",2,2,2
"5059",2,2,4
"5060",2,2,4
"5061",2,2,4
"5062",2,2,2
"5063",2,2,2
"5064",2,2,2
"5065",2,2,2
"5066",2,2,2
"5067",2,2,2
"5068",2,2,2
"5069",2,2,2
"5070",2,2,2
"5071",2,2,4
"5072",2,2,4
"5073",2,2,4
"5074",2,2,4
"5075",2,2,4
"5076",1,1,1
"5077",1,1,1
"5078",1,1,1
"5079",1,1,1
"5080",1,1,1
"5081",1,1,1
"5082",1,1,1
"5083",1,1,1
"5084",1,1,1
"5085",1,1,1
"5086",1,1,1
"5087",1,1,1
"5088",1,1,1
"5089",1,1,1
"5090",2,2,2
"5091",2,2,2
"5092",2,2,2
"5093",2,2,4
"5094",1,1,2
"5095",1,1,2
"5096",1,1,1
"5097",1,1,1
"5098",1,2,2
"5099",1,2,2
"5100",1,2,2
"5101",1,1,2
"5102",1,1,1
"5103",1,1,2
"5104",1,1,2
"5105",1,1,1
"5106",1,1,1
"5107",2,2,2
"5108",2,2,4
"5109",2,2,4
"5110",2,2,2
"5111",2,2,2
"5112",2,2,2
"5113",2,2,2
"5114",2,2,2
"5115",2,2,2
"5116",2,2,2
"5117",2,2,2
"5118",2,2,2
"5119",2,2,2
"5120",1,2,2
"5121",1,2,2
"5122",1,2,2
"5123",1,2,2
"5124",2,2,2
"5125",2,3,4
"5126",2,3,4
"5127",2,3,4
"5128",2,3,4
"5129",2,2,4
"5130",2,2,2
"5131",2,2,4
"5132",2,2,2
"5133",2,2,2
"5134",2,2,4
"5135",2,2,4
"5136",2,2,4
"5137",1,2,2
"5138",1,1,1
"5139",1,1,1
"5140",1,1,1
"5141",2,2,2
"5142",2,2,4
"5143",2,2,4
"5144",2,2,4
"5145",2,2,4
"5146",2,2,4
"5147",2,2,2
"5148",1,1,1
"5149",1,1,1
"5150",1,1,2
"5151",2,2,2
"5152",2,2,2
"5153",2,3,4
"5154",2,3,4
"5155",2,3,4
"5156",2,2,2
"5157",1,2,2
"5158",1,1,1
"5159",1,1,1
"5160",1,1,1
"5161",1,1,1
"5162",1,1,1
"5163",1,1,1
"5164",1,1,1
"5165",1,1,1
"5166",1,2,2
"5167",1,2,2
"5168",1,2,2
"5169",1,2,2
"5170",1,2,2
"5171",1,2,2
"5172",2,2,4
"5173",2,2,4
"5174",2,2,4
"5175",2,2,4
"5176",2,2,2
"5177",2,2,2
"5178",2,2,2
"5179",2,2,2
"5180",2,3,4
"5181",2,3,4
"5182",2,2,2
"5183",2,2,2
"5184",2,3,4
"5185",2,3,4
"5186",2,3,4
"5187",2,3,4
"5188",2,3,4
"5189",2,3,4
"5190",2,3,4
"5191",2,2,2
"5192",2,2,2
"5193",1,2,2
"5194",1,2,2
"5195",1,1,1
"5196",1,1,1
"5197",1,1,1
"5198",1,1,1
"5199",1,1,2
"5200",2,2,4
"5201",2,3,4
"5202",2,3,4
"5203",2,3,4
"5204",2,2,2
"5205",1,1,2
"5206",1,1,2
"5207",1,1,2
"5208",1,1,2
"5209",2,2,2
"5210",2,2,2
"5211",2,2,2
"5212",2,2,2
"5213",2,2,4
"5214",2,2,2
"5215",2,2,2
"5216",2,2,2
"5217",1,1,1
"5218",1,1,1
"5219",1,1,2
"5220",1,1,2
"5221",1,1,1
"5222",1,1,1
"5223",1,1,1
"5224",1,2,2
"5225",1,2,2
"5226",2,2,2
"5227",2,2,2
"5228",2,2,2
"5229",2,2,2
"5230",2,2,2
"5231",2,3,4
"5232",2,3,4
"5233",2,3,4
"5234",2,3,4
"5235",2,3,4
"5236",2,3,4
"5237",2,3,4
"5238",2,3,4
"5239",2,3,4
"5240",2,2,2
"5241",2,2,2
"5242",1,1,1
"5243",1,1,1
"5244",1,1,2
"5245",1,2,2
"5246",1,2,2
"5247",1,2,2
"5248",1,2,2
"5249",1,1,2
"5250",1,1,2
"5251",1,1,2
"5252",1,1,2
"5253",1,1,2
"5254",1,1,2
"5255",1,2,2
"5256",1,2,2
"5257",1,2,2
"5258",1,1,1
"5259",1,1,1
"5260",1,1,1
"5261",1,1,1
"5262",1,1,1
"5263",1,1,2
"5264",1,2,2
"5265",1,2,2
"5266",2,3,4
"5267",2,3,4
"5268",2,2,4
"5269",2,2,4
"5270",1,2,2
"5271",1,1,1
"5272",1,1,1
"5273",1,1,1
"5274",1,1,1
"5275",1,1,1
"5276",1,1,1
"5277",1,1,1
"5278",1,1,1
"5279",1,1,2
"5280",1,1,2
"5281",1,1,1
"5282",1,1,1
"5283",1,1,1
"5284",1,1,1
"5285",1,1,1
"5286",1,1,1
"5287",1,1,1
"5288",2,2,2
"5289",2,2,2
"5290",2,2,4
"5291",2,2,4
"5292",2,3,4
"5293",2,3,4
"5294",2,3,4
"5295",2,3,4
"5296",2,3,4
"5297",1,2,2
"5298",1,1,1
"5299",1,1,2
"5300",1,2,2
"5301",1,2,2
"5302",1,2,2
"5303",1,2,2
"5304",1,2,2
"5305",1,1,1
"5306",1,1,2
"5307",1,1,2
"5308",1,2,2
"5309",1,2,2
"5310",1,2,2
"5311",1,2,2
"5312",2,2,2
"5313",2,3,4
"5314",2,3,4
"5315",2,2,2
"5316",2,2,2
"5317",2,2,4
"5318",2,2,4
"5319",2,2,4
"5320",2,2,2
"5321",2,2,2
"5322",2,2,4
"5323",2,2,4
"5324",2,2,2
"5325",2,3,4
"5326",2,3,4
"5327",2,3,4
"5328",2,2,2
"5329",2,2,2
"5330",2,2,2
"5331",2,3,4
"5332",2,3,3
"5333",2,3,3
"5334",2,3,4
"5335",2,2,2
"5336",2,2,2
"5337",2,3,4
"5338",2,3,4
"5339",1,1,2
"5340",1,1,1
"5341",1,1,1
"5342",1,1,2
"5343",1,1,2
"5344",1,1,2
"5345",2,2,2
"5346",2,3,4
"5347",2,3,4
"5348",2,3,4
"5349",2,2,2
"5350",1,1,1
"5351",1,2,2
"5352",1,2,2
"5353",1,2,2
"5354",1,1,1
"5355",1,1,1
"5356",1,1,1
"5357",1,1,1
"5358",1,1,1
"5359",1,1,2
"5360",2,2,2
"5361",2,3,4
"5362",2,3,4
"5363",2,3,4
"5364",2,3,4
"5365",2,2,2
"5366",1,2,2
"5367",1,2,2
"5368",2,3,4
"5369",2,3,4
"5370",2,3,2
"5371",2,3,4
"5372",2,3,4
"5373",2,3,4
"5374",2,2,2
"5375",2,2,2
"5376",2,2,2
"5377",2,2,2
"5378",1,1,1
"5379",1,1,1
"5380",1,1,1
"5381",1,1,1
"5382",1,1,1
"5383",1,1,1
"5384",1,2,2
"5385",1,2,2
"5386",1,1,2
"5387",1,1,1
"5388",1,1,1
"5389",1,1,2
"5390",1,1,2
"5391",1,1,2
"5392",1,1,1
"5393",1,1,1
"5394",1,1,1
"5395",1,1,1
"5396",1,2,2
"5397",1,2,2
"5398",1,2,2
"5399",1,2,2
"5400",2,2,2
"5401",2,3,4
"5402",2,3,4
"5403",2,3,4
"5404",2,3,3
"5405",2,3,3
"5406",2,3,3
"5407",2,3,4
"5408",2,3,4
"5409",2,3,4
"5410",2,3,4
"5411",2,3,4
"5412",2,3,4
"5413",1,1,1
"5414",1,1,1
"5415",1,1,1
"5416",1,1,2
"5417",1,1,2
"5418",1,2,2
"5419",2,3,4
"5420",2,3,4
"5421",2,3,4
"5422",2,2,4
"5423",2,2,4
"5424",2,2,4
"5425",2,2,2
"5426",1,1,1
"5427",1,1,1
"5428",1,1,1
"5429",2,2,2
"5430",2,2,4
"5431",2,3,4
"5432",2,3,4
"5433",1,1,1
"5434",1,1,1
"5435",1,2,2
"5436",2,2,2
"5437",2,2,4
"5438",2,2,4
"5439",1,1,2
"5440",1,1,1
"5441",1,1,2
"5442",1,1,2
"5443",1,1,1
"5444",1,1,1
"5445",2,2,2
"5446",2,2,2
"5447",2,2,4
"5448",2,2,4
"5449",2,2,4
"5450",2,3,4
"5451",2,3,4
"5452",2,3,4
"5453",2,3,4
"5454",2,3,4
"5455",2,3,4
"5456",2,2,2
"5457",2,2,2
"5458",2,2,4
"5459",2,2,4
"5460",2,2,4
"5461",2,2,2
"5462",2,2,2
"5463",2,2,2
"5464",2,2,2
"5465",2,2,2
"5466",1,1,1
"5467",1,2,2
"5468",2,2,4
"5469",2,2,4
"5470",2,2,4
"5471",2,2,4
"5472",2,2,2
"5473",2,2,2
"5474",2,2,2
"5475",2,2,2
"5476",2,3,4
"5477",2,3,4
"5478",2,3,4
"5479",2,3,4
"5480",2,3,4
"5481",2,3,4
"5482",2,3,4
"5483",2,3,4
"5484",2,2,4
"5485",2,2,4
"5486",2,2,4
"5487",2,2,2
"5488",2,2,2
"5489",2,2,2
"5490",2,2,2
"5491",2,2,4
"5492",2,2,4
"5493",2,2,2
"5494",2,2,2
"5495",2,3,4
"5496",2,3,4
"5497",2,2,2
"5498",2,1,2
"5499",2,2,4
"5500",2,2,4
"5501",1,2,2
"5502",1,1,1
"5503",1,1,1
"5504",1,1,1
"5505",1,1,1
"5506",1,1,1
"5507",1,1,1
"5508",1,1,1
"5509",1,1,1
"5510",1,1,1
"5511",1,1,1
"5512",1,1,1
"5513",1,1,1
"5514",1,2,2
"5515",1,2,2
"5516",1,1,2
"5517",1,1,1
"5518",1,1,1
"5519",1,1,1
"5520",1,2,2
"5521",2,2,2
"5522",2,3,4
"5523",2,3,4
"5524",2,3,4
"5525",1,1,1
"5526",1,1,1
"5527",1,1,1
"5528",1,1,2
"5529",1,1,2
"5530",1,1,2
"5531",1,1,1
"5532",1,1,1
"5533",1,1,1
"5534",1,1,1
"5535",1,2,2
"5536",2,3,4
"5537",2,3,4
"5538",2,3,4
"5539",2,3,4
"5540",2,2,4
"5541",2,2,2
"5542",2,2,2
"5543",2,3,4
"5544",2,2,2
"5545",2,2,4
"5546",2,2,4
"5547",1,2,2
"5548",1,1,1
"5549",1,1,1
"5550",1,2,2
"5551",2,3,4
"5552",2,3,3
"5553",2,3,4
"5554",2,3,4
"5555",2,3,4
"5556",2,3,4
"5557",2,3,3
"5558",2,2,3
"5559",2,2,3
"5560",2,3,3
"5561",2,3,3
"5562",1,1,1
"5563",1,1,1
"5564",1,1,1
"5565",1,1,1
"5566",1,1,1
"5567",1,1,1
"5568",2,2,2
"5569",2,3,4
"5570",2,3,4
"5571",2,3,4
"5572",2,3,4
"5573",2,2,2
"5574",2,2,2
"5575",2,2,4
"5576",2,2,2
"5577",2,2,2
"5578",2,3,4
"5579",2,3,4
"5580",2,3,4
"5581",2,2,2
"5582",2,2,2
"5583",2,3,4
"5584",2,3,4
"5585",1,2,2
"5586",1,2,2
"5587",1,2,2
"5588",1,2,2
"5589",1,2,2
"5590",1,2,2
"5591",1,2,2
"5592",1,2,2
"5593",1,2,2
"5594",1,2,2
"5595",2,2,4
"5596",2,2,4
"5597",2,2,4
"5598",2,2,4
"5599",2,2,4
"5600",2,2,4
"5601",2,2,4
"5602",2,3,4
"5603",2,3,4
"5604",2,3,4
"5605",2,3,4
"5606",2,3,4
"5607",2,3,4
"5608",2,3,4
"5609",2,3,4
"5610",2,3,4
"5611",2,3,4
"5612",2,3,4
"5613",2,3,4
"5614",1,2,2
"5615",1,2,2
"5616",1,2,2
"5617",1,2,2
"5618",1,2,2
"5619",1,2,2
"5620",1,1,1
"5621",1,1,1
"5622",1,1,1
"5623",1,1,1
"5624",1,1,1
"5625",2,2,2
"5626",2,2,4
"5627",2,2,2
"5628",2,2,2
"5629",1,2,2
"5630",1,2,2
"5631",1,1,2
"5632",1,1,1
"5633",1,1,1
"5634",1,1,2
"5635",1,1,2
"5636",2,2,2
"5637",2,2,4
"5638",2,2,4
"5639",2,2,4
"5640",2,2,2
"5641",1,2,2
"5642",1,1,2
"5643",1,1,2
"5644",1,1,2
"5645",1,1,2
"5646",1,1,2
"5647",1,1,2
"5648",1,1,2
"5649",1,1,2
"5650",1,1,1
"5651",1,1,1
"5652",1,2,2
"5653",1,2,2
"5654",1,2,2
"5655",1,2,2
"5656",1,2,2
"5657",1,2,2
"5658",1,2,2
"5659",1,1,1
"5660",1,1,1
"5661",1,1,1
"5662",1,2,2
"5663",1,1,1
"5664",1,1,1
"5665",1,1,1
"5666",1,1,2
"5667",1,2,2
"5668",1,2,2
"5669",1,2,2
"5670",1,1,1
"5671",1,1,1
"5672",1,2,2
"5673",1,2,4
"5674",1,2,2
"5675",1,2,2
"5676",1,1,1
"5677",1,1,2
"5678",2,2,4
"5679",2,2,4
"5680",2,2,2
"5681",2,3,4
"5682",2,3,4
"5683",2,2,2
"5684",2,2,4
"5685",2,3,4
"5686",2,3,4
"5687",2,3,4
"5688",2,3,4
"5689",2,3,4
"5690",2,3,4
"5691",2,3,3
"5692",2,3,3
"5693",2,3,3
"5694",2,3,3
"5695",2,3,3
"5696",2,3,4
"5697",2,3,4
"5698",2,3,4
"5699",2,3,4
"5700",2,3,4
"5701",2,3,4
"5702",2,3,4
"5703",2,2,2
"5704",2,2,2
"5705",2,2,2
"5706",2,3,4
"5707",2,3,4
"5708",2,3,4
"5709",2,3,4
"5710",2,3,4
"5711",2,3,4
"5712",2,3,4
"5713",1,2,2
"5714",1,2,2
"5715",1,2,2
"5716",1,2,2
"5717",1,2,2
"5718",2,3,4
"5719",2,3,3
"5720",2,3,3
"5721",2,3,4
"5722",2,3,4
"5723",2,3,4
"5724",2,3,4
"5725",2,3,3
"5726",2,3,3
"5727",2,3,3
"5728",2,3,3
"5729",2,3,4
"5730",2,2,2
"5731",2,2,2
"5732",2,2,2
"5733",2,3,4
"5734",2,3,4
"5735",2,3,3
"5736",2,3,3
"5737",2,3,3
"5738",2,3,4
"5739",2,3,4
"5740",2,3,4
"5741",2,3,4
"5742",2,2,2
"5743",2,2,2
"5744",2,2,2
"5745",2,3,4
"5746",2,3,4
"5747",2,3,4
"5748",2,3,4
"5749",2,3,4
"5750",2,3,4
"5751",2,2,2
"5752",2,2,2
"5753",2,2,2
"5754",2,2,2
"5755",1,2,2
"5756",1,1,1
"5757",1,1,1
"5758",1,1,2
"5759",1,2,2
"5760",1,2,2
"5761",1,2,2
"5762",1,2,2
"5763",1,2,2
"5764",2,3,4
"5765",2,3,4
"5766",2,3,4
"5767",2,3,4
"5768",2,3,4
"5769",2,3,4
"5770",2,3,4
"5771",2,3,4
"5772",2,3,4
"5773",2,3,4
"5774",2,3,4
"5775",2,3,4
"5776",2,3,4
"5777",2,3,4
"5778",2,3,4
"5779",2,3,4
"5780",2,3,4
"5781",2,3,4
"5782",2,3,4
"5783",2,2,2
"5784",2,2,2
"5785",2,2,2
"5786",2,2,2
"5787",2,2,2
"5788",2,2,2
"5789",2,2,2
"5790",2,2,2
"5791",2,2,2
"5792",2,2,2
"5793",2,2,2
"5794",2,2,2
"5795",2,3,4
"5796",2,3,4
"5797",2,2,2
"5798",2,2,2
"5799",2,2,2
"5800",2,2,2
"5801",2,2,2
"5802",2,2,2
"5803",2,2,2
"5804",2,3,4
"5805",2,3,4
"5806",2,3,4
"5807",2,2,2
"5808",1,1,1
"5809",1,1,1
"5810",1,1,1
"5811",1,1,1
"5812",1,1,1
"5813",1,1,1
"5814",1,2,2
"5815",1,1,1
"5816",1,1,1
"5817",1,1,1
"5818",1,1,1
"5819",1,2,2
"5820",1,2,2
"5821",1,2,2
"5822",1,2,2
"5823",1,2,2
"5824",1,2,2
"5825",1,2,2
"5826",1,1,2
"5827",1,1,1
"5828",1,1,1
"5829",1,2,2
"5830",1,2,2
"5831",2,2,2
"5832",2,2,2
"5833",2,3,4
"5834",2,3,4
"5835",2,3,4
"5836",2,2,4
"5837",2,2,2
"5838",2,3,4
"5839",2,3,4
"5840",2,3,4
"5841",2,3,4
"5842",2,2,2
"5843",2,2,2
"5844",2,2,2
"5845",2,2,2
"5846",2,2,2
"5847",2,3,4
"5848",2,3,4
"5849",2,3,4
"5850",2,3,4
"5851",2,3,4
"5852",2,3,4
"5853",2,3,4
"5854",2,3,4
"5855",2,3,4
"5856",1,2,2
"5857",1,2,2
"5858",1,2,2
"5859",1,2,2
"5860",1,1,1
"5861",1,1,1
"5862",1,2,2
"5863",2,2,2
"5864",2,2,2
"5865",2,2,2
"5866",2,3,4
"5867",2,3,3
"5868",2,3,3
"5869",2,3,4
"5870",2,2,2
"5871",2,2,2
"5872",2,2,2
"5873",2,2,2
"5874",2,2,2
"5875",2,2,2
"5876",2,2,2
"5877",2,2,2
"5878",2,2,4
"5879",2,3,4
"5880",2,2,4
"5881",2,2,2
"5882",2,2,2
"5883",2,2,2
"5884",2,3,4
"5885",2,3,4
"5886",2,3,3
"5887",2,3,4
"5888",2,2,2
"5889",2,2,2
"5890",2,2,2
"5891",2,2,2
"5892",2,2,2
"5893",2,2,2
"5894",2,2,2
"5895",2,3,4
"5896",2,3,3
"5897",2,3,3
"5898",2,3,3
"5899",2,3,4
"5900",2,3,4
"5901",2,2,2
"5902",2,2,2
"5903",2,2,2
"5904",2,2,2
"5905",1,2,2
"5906",1,2,2
"5907",1,2,2
"5908",1,2,2
"5909",1,2,2
"5910",1,2,2
"5911",1,2,4
"5912",1,2,2
"5913",1,2,2
"5914",1,2,2
"5915",1,2,2
"5916",2,2,4
"5917",2,2,4
"5918",2,2,2
"5919",2,2,2
"5920",2,2,4
"5921",2,2,4
"5922",1,1,2
"5923",1,1,2
"5924",2,2,4
"5925",2,2,4
"5926",2,2,4
"5927",2,2,2
"5928",1,1,1
"5929",1,1,1
"5930",1,1,1
"5931",1,1,1
"5932",1,1,1
"5933",1,1,1
"5934",1,1,2
"5935",1,1,1
"5936",1,1,1
"5937",1,1,1
"5938",1,2,2
"5939",1,2,2
"5940",2,2,2
"5941",2,2,2
"5942",2,2,2
"5943",2,2,2
"5944",2,2,2
"5945",2,2,2
"5946",2,2,4
"5947",2,3,4
"5948",2,3,4
"5949",2,2,4
"5950",2,2,4
"5951",2,2,4
"5952",2,2,4
"5953",2,3,4
"5954",2,3,2
"5955",2,3,4
"5956",2,2,4
"5957",2,2,2
"5958",2,2,2
"5959",2,3,4
"5960",2,3,4
"5961",2,2,2
"5962",2,2,2
"5963",2,2,2
"5964",2,2,2
"5965",2,2,2
"5966",2,2,2
"5967",2,2,2
"5968",2,2,4
"5969",2,3,4
"5970",2,3,4
"5971",2,3,4
"5972",2,3,4
"5973",2,3,4
"5974",2,3,4
"5975",2,3,4
"5976",1,1,1
"5977",1,1,1
"5978",1,1,1
"5979",2,2,2
"5980",2,2,2
"5981",2,2,4
"5982",2,2,4
"5983",2,2,4
"5984",2,2,4
"5985",2,2,4
"5986",2,2,4
"5987",2,2,4
"5988",2,2,4
"5989",2,2,2
"5990",2,2,4
"5991",2,2,4
"5992",2,2,4
"5993",2,2,4
"5994",2,2,4
"5995",2,2,2
"5996",2,2,2
"5997",2,2,2
"5998",2,2,2
"5999",2,2,2
"6000",2,2,2
"6001",2,3,4
"6002",2,3,4
"6003",2,2,4
"6004",2,2,4
"6005",2,2,4
"6006",2,2,2
"6007",2,2,2
"6008",2,2,2
"6009",2,2,2
"6010",2,2,4
"6011",2,2,4
"6012",2,2,4
"6013",2,3,4
"6014",2,3,4
"6015",2,3,4
"6016",2,3,4
"6017",2,3,4
"6018",2,3,4
"6019",2,2,4
"6020",2,2,4
"6021",2,2,4
"6022",2,2,2
"6023",2,2,4
"6024",2,2,4
"6025",2,2,4
"6026",1,1,1
"6027",1,1,1
"6028",2,2,2
"6029",2,2,2
"6030",2,3,4
"6031",2,3,4
"6032",2,3,4
"6033",2,3,4
"6034",2,2,2
"6035",2,2,2
"6036",2,2,2
"6037",2,3,4
"6038",2,3,4
"6039",2,3,4
"6040",2,3,4
"6041",2,3,4
"6042",2,3,4
"6043",2,3,4
"6044",2,3,4
"6045",2,3,3
"6046",2,3,4
"6047",2,3,4
"6048",2,3,4
"6049",1,2,2
"6050",1,2,2
"6051",1,2,2
"6052",1,2,2
"6053",1,2,2
"6054",1,1,1
"6055",1,1,1
"6056",1,1,1
"6057",1,2,2
"6058",1,2,2
"6059",1,2,2
"6060",1,2,2
"6061",1,1,1
"6062",1,1,1
"6063",1,1,1
"6064",1,1,1
"6065",1,1,1
"6066",1,1,1
"6067",1,1,1
"6068",1,1,1
"6069",1,1,1
"6070",1,1,1
"6071",1,1,1
"6072",1,1,1
"6073",1,1,1
"6074",1,1,1
"6075",1,1,1
"6076",1,2,2
"6077",1,2,2
"6078",1,2,2
"6079",2,2,4
"6080",2,2,4
"6081",2,2,4
"6082",2,2,4
"6083",2,2,2
"6084",2,2,2
"6085",2,3,4
"6086",2,3,3
"6087",2,3,3
"6088",2,3,3
"6089",2,3,4
"6090",2,2,2
"6091",2,2,2
"6092",2,2,2
"6093",2,2,2
"6094",2,2,2
"6095",2,3,4
"6096",2,3,4
"6097",2,3,4
"6098",2,3,4
"6099",2,3,4
"6100",2,3,4
"6101",2,3,4
"6102",2,3,4
"6103",2,3,4
"6104",2,3,4
"6105",1,1,1
"6106",1,1,1
"6107",1,1,2
"6108",1,1,2
"6109",1,1,2
"6110",1,1,1
"6111",1,1,1
"6112",1,1,2
"6113",1,2,2
"6114",1,2,2
"6115",1,1,2
"6116",1,1,1
"6117",1,1,1
"6118",1,1,1
"6119",1,2,2
"6120",2,3,4
"6121",2,3,4
"6122",2,3,3
"6123",2,3,3
"6124",2,3,3
"6125",2,3,4
"6126",2,3,4
"6127",2,3,4
"6128",2,3,4
"6129",1,1,2
"6130",1,1,2
"6131",1,1,2
"6132",1,2,2
"6133",2,3,4
"6134",2,3,4
"6135",2,3,4
"6136",2,3,4
"6137",2,3,4
"6138",2,3,4
"6139",2,2,2
"6140",1,1,1
"6141",1,2,2
"6142",2,3,4
"6143",2,3,4
"6144",2,3,4
"6145",2,3,4
"6146",2,2,2
"6147",2,2,2
"6148",2,2,4
"6149",2,2,4
"6150",2,3,4
"6151",2,3,4
"6152",2,3,4
"6153",2,3,4
"6154",2,3,4
"6155",2,3,4
"6156",2,3,4
"6157",2,2,2
"6158",2,2,2
"6159",2,2,2
"6160",2,2,2
"6161",2,2,2
"6162",2,2,2
"6163",2,2,2
"6164",1,1,1
"6165",1,1,1
"6166",2,2,2
"6167",2,3,4
"6168",2,3,4
"6169",2,3,4
"6170",2,2,4
"6171",1,2,2
"6172",1,2,2
"6173",1,2,2
"6174",1,2,2
"6175",1,2,2
"6176",1,1,1
"6177",1,1,1
"6178",1,2,2
"6179",2,2,4
"6180",2,2,4
"6181",1,1,2
"6182",1,1,1
"6183",1,2,2
"6184",2,2,2
"6185",2,3,4
"6186",2,3,4
"6187",2,3,4
"6188",2,3,4
"6189",2,3,4
"6190",2,3,4
"6191",2,3,4
"6192",2,3,4
"6193",2,3,4
"6194",2,3,4
"6195",2,3,4
"6196",2,3,4
"6197",2,3,4
"6198",2,3,4
"6199",2,3,4
"6200",2,3,4
"6201",2,3,4
"6202",2,3,4
"6203",2,3,4
"6204",2,3,4
"6205",2,3,4
"6206",2,3,4
"6207",2,3,4
"6208",2,3,4
"6209",2,3,4
"6210",2,3,4
"6211",2,3,4
"6212",2,3,4
"6213",2,3,4
"6214",2,2,2
"6215",2,2,2
"6216",2,3,4
"6217",2,3,4
"6218",1,2,2
"6219",1,1,1
"6220",1,1,1
"6221",1,1,1
"6222",1,1,1
"6223",1,1,1
"6224",2,2,2
"6225",2,2,4
"6226",2,3,4
"6227",2,3,4
"6228",2,3,4
"6229",2,3,4
"6230",2,3,4
"6231",2,3,4
"6232",2,3,4
"6233",2,3,4
"6234",2,3,4
"6235",2,3,4
"6236",1,2,2
"6237",1,1,2
"6238",1,1,2
"6239",1,1,2
"6240",1,1,1
"6241",1,1,1
"6242",1,1,1
"6243",1,2,2
"6244",1,2,2
"6245",1,2,2
"6246",1,2,2
"6247",1,1,1
"6248",1,1,1
"6249",1,1,1
"6250",1,1,2
"6251",2,2,2
"6252",2,2,2
"6253",2,2,2
"6254",2,2,2
"6255",2,2,2
"6256",2,2,2
"6257",2,2,4
"6258",2,2,4
"6259",2,2,4
"6260",2,2,4
"6261",2,2,4
"6262",2,2,4
"6263",2,2,4
"6264",2,3,4
"6265",2,3,4
"6266",2,3,4
"6267",2,3,4
"6268",2,3,3
"6269",2,3,3
"6270",2,2,3
"6271",1,1,1
"6272",1,1,1
"6273",1,1,1
"6274",1,1,1
"6275",1,2,2
"6276",2,2,2
"6277",2,2,4
"6278",2,2,2
"6279",2,2,2
"6280",2,2,2
"6281",2,2,2
"6282",2,3,4
"6283",2,3,3
"6284",2,2,3
"6285",2,1,1
"6286",2,2,2
"6287",2,3,4
"6288",2,3,4
"6289",2,3,4
"6290",2,3,4
"6291",2,3,4
"6292",2,3,4
"6293",2,3,4
"6294",2,3,4
"6295",2,3,4
"6296",2,3,4
"6297",2,2,2
"6298",2,2,2
"6299",2,2,2
"6300",2,2,4
"6301",2,2,4
"6302",2,2,4
"6303",1,2,2
"6304",1,2,2
"6305",1,2,2
"6306",2,2,2
"6307",2,3,4
"6308",2,3,4
"6309",2,3,4
"6310",1,1,1
"6311",1,1,1
"6312",1,1,1
"6313",1,1,1
"6314",1,1,1
"6315",1,1,1
"6316",1,1,1
"6317",1,2,2
"6318",1,2,2
"6319",1,2,2
"6320",1,2,2
"6321",2,2,4
"6322",2,2,4
"6323",2,2,4
"6324",1,2,2
"6325",1,1,1
"6326",1,1,1
"6327",2,2,2
"6328",2,3,4
"6329",2,3,4
"6330",2,3,4
"6331",1,1,1
"6332",1,1,1
"6333",1,2,2
"6334",1,2,2
"6335",2,2,2
"6336",2,3,4
"6337",2,3,4
"6338",2,3,4
"6339",2,3,4
"6340",2,3,4
"6341",2,3,4
"6342",2,3,4
"6343",2,3,4
"6344",2,3,4
"6345",2,2,4
"6346",2,2,4
"6347",2,2,4
"6348",2,2,4
"6349",2,2,4
"6350",2,2,4
"6351",2,2,2
"6352",2,2,2
"6353",1,2,2
"6354",1,2,2
"6355",1,2,2
"6356",1,2,2
"6357",1,2,2
"6358",1,2,2
"6359",1,2,2
"6360",1,2,2
"6361",1,2,2
"6362",1,2,2
"6363",1,2,2
"6364",1,1,2
"6365",1,1,2
"6366",2,2,4
"6367",2,2,4
"6368",2,2,2
"6369",1,1,1
"6370",1,2,2
"6371",1,2,2
"6372",1,2,2
"6373",1,2,2
"6374",1,2,2
"6375",2,3,4
"6376",2,3,4
"6377",2,3,4
"6378",2,2,2
"6379",2,2,2
"6380",2,2,2
"6381",2,2,4
"6382",2,2,4
"6383",2,2,2
"6384",2,2,2
"6385",2,3,4
"6386",2,3,4
"6387",2,3,4
"6388",2,3,2
"6389",2,3,4
"6390",2,3,2
"6391",2,3,4
"6392",2,3,4
"6393",2,3,4
"6394",2,2,2
"6395",1,2,2
"6396",1,2,2
"6397",2,3,4
"6398",2,3,4
"6399",1,1,1
"6400",1,1,1
"6401",1,1,1
"6402",1,1,1
"6403",1,2,2
"6404",1,2,2
"6405",1,1,1
"6406",1,1,1
"6407",1,1,1
"6408",1,1,1
"6409",1,1,2
"6410",1,1,1
"6411",1,1,1
"6412",1,1,1
"6413",1,1,1
"6414",1,1,1
"6415",1,1,1
"6416",1,1,1
"6417",1,2,2
"6418",2,2,2
"6419",2,2,2
"6420",2,2,4
"6421",2,2,4
"6422",2,2,2
"6423",2,2,2
"6424",2,2,2
"6425",2,3,4
"6426",2,3,4
"6427",2,3,4
"6428",2,3,4
"6429",2,2,2
"6430",1,1,2
"6431",1,1,1
"6432",1,1,1
"6433",1,1,1
"6434",1,1,1
"6435",1,1,1
"6436",1,2,2
"6437",1,2,2
"6438",1,2,2
"6439",1,2,2
"6440",1,2,2
"6441",2,3,4
"6442",2,3,4
"6443",2,3,4
"6444",2,3,4
"6445",2,3,3
"6446",2,3,3
"6447",2,2,4
"6448",1,2,2
"6449",1,1,1
"6450",1,1,1
"6451",1,1,1
"6452",1,1,1
"6453",1,2,2
"6454",1,2,2
"6455",1,2,2
"6456",1,2,2
"6457",1,2,2
"6458",1,1,1
"6459",1,1,1
"6460",2,2,2
"6461",2,3,4
"6462",2,3,4
"6463",2,3,3
"6464",2,2,3
"6465",1,1,1
"6466",1,1,1
"6467",1,1,1
"6468",1,1,2
"6469",1,1,2
"6470",1,1,1
"6471",1,1,1
"6472",1,1,1
"6473",1,1,1
"6474",1,1,1
"6475",1,1,1
"6476",1,1,1
"6477",1,1,1
"6478",1,1,1
"6479",1,2,2
"6480",1,2,2
"6481",1,2,2
"6482",1,2,2
"6483",2,2,4
"6484",2,2,4
"6485",2,2,2
"6486",2,2,2
"6487",2,2,2
"6488",2,2,2
"6489",2,2,2
"6490",2,2,4
"6491",2,2,4
"6492",2,2,4
"6493",2,3,4
"6494",2,3,4
"6495",2,2,2
"6496",1,1,1
"6497",1,1,2
"6498",1,1,2
"6499",1,1,2
"6500",1,1,1
"6501",1,1,1
"6502",1,1,1
"6503",1,1,1
"6504",1,1,1
"6505",1,2,2
"6506",2,2,4
"6507",2,2,4
"6508",2,2,4
"6509",2,2,2
"6510",2,2,2
"6511",2,2,4
"6512",2,2,4
"6513",2,3,4
"6514",2,3,4
"6515",2,3,4
"6516",2,3,4
"6517",2,2,4
"6518",2,2,2
"6519",2,2,2
"6520",2,2,2
"6521",2,2,4
"6522",2,2,4
"6523",1,1,2
"6524",1,1,1
"6525",1,1,2
"6526",1,1,2
"6527",1,1,2
"6528",1,1,2
"6529",1,1,2
"6530",1,2,2
"6531",1,2,2
"6532",2,2,4
"6533",2,3,4
"6534",2,3,4
"6535",2,3,4
"6536",2,3,4
"6537",2,3,4
"6538",2,3,4
"6539",2,3,4
"6540",2,3,4
"6541",2,2,2
"6542",1,1,1
"6543",1,1,1
"6544",1,1,2
"6545",1,1,1
"6546",1,2,2
"6547",2,2,4
"6548",2,3,4
"6549",2,3,4
"6550",2,3,4
"6551",2,3,4
"6552",2,3,4
"6553",2,3,4
"6554",1,2,2
"6555",1,1,1
"6556",1,1,1
"6557",2,2,2
"6558",2,3,4
"6559",2,3,4
"6560",2,3,4
"6561",2,3,4
"6562",2,3,2
"6563",2,3,4
"6564",2,3,4
"6565",2,3,4
"6566",2,3,4
"6567",2,3,4
"6568",2,3,4
"6569",2,3,4
"6570",2,3,4
"6571",2,3,4
"6572",2,3,4
"6573",2,3,4
"6574",2,3,4
"6575",2,3,4
"6576",2,3,4
"6577",2,3,4
"6578",2,3,4
"6579",2,3,4
"6580",1,1,2
"6581",1,1,1
"6582",1,1,1
"6583",1,1,1
"6584",1,1,1
"6585",1,1,1
"6586",1,1,1
"6587",1,1,2
"6588",1,2,2
"6589",2,3,4
"6590",2,3,3
"6591",2,3,3
"6592",2,3,4
"6593",2,2,4
"6594",2,2,2
"6595",1,2,2
"6596",1,2,2
"6597",1,2,2
"6598",1,2,2
"6599",1,2,2
"6600",1,2,2
"6601",1,1,2
"6602",1,1,2
"6603",1,1,2
"6604",1,1,1
"6605",1,1,1
"6606",1,1,1
"6607",1,1,2
"6608",1,1,2
"6609",1,1,1
"6610",1,1,1
"6611",1,1,1
"6612",1,2,2
"6613",1,2,2
"6614",1,2,2
"6615",1,2,2
"6616",1,2,2
"6617",1,2,2
"6618",1,2,2
"6619",1,2,2
"6620",1,2,2
"6621",1,2,2
"6622",1,1,1
"6623",1,1,1
"6624",1,1,1
"6625",1,1,1
"6626",1,1,1
"6627",1,1,1
"6628",1,1,1
"6629",1,1,1
"6630",1,1,1
"6631",1,1,1
"6632",1,1,1
"6633",1,1,1
"6634",1,1,1
"6635",1,1,1
"6636",1,1,1
"6637",1,1,1
"6638",1,1,1
"6639",1,2,2
"6640",1,2,2
"6641",1,2,2
"6642",1,2,2
"6643",1,1,2
"6644",1,1,1
"6645",1,1,1
"6646",1,1,1
"6647",1,1,1
"6648",1,1,2
"6649",1,2,2
"6650",1,2,2
"6651",1,2,2
"6652",1,2,2
"6653",1,2,4
"6654",1,2,2
"6655",1,2,2
"6656",1,2,2
"6657",1,2,2
"6658",1,2,2
"6659",1,2,2
"6660",1,2,2
"6661",1,2,2
"6662",1,2,2
"6663",2,2,4
"6664",2,2,4
"6665",2,2,4
"6666",2,3,4
"6667",2,2,4
"6668",1,1,1
"6669",1,1,1
"6670",1,1,1
"6671",1,1,1
"6672",1,1,1
"6673",1,2,2
"6674",1,2,2
"6675",1,2,2
"6676",1,2,2
"6677",2,3,4
"6678",2,3,4
"6679",2,3,4
"6680",2,3,4
"6681",1,1,1
"6682",1,1,1
"6683",1,1,1
"6684",1,1,1
"6685",1,1,1
"6686",1,1,1
"6687",1,1,1
"6688",1,1,1
"6689",1,2,2
"6690",1,2,2
"6691",1,2,2
"6692",1,2,2
"6693",2,3,4
"6694",2,3,4
"6695",2,3,4
"6696",2,3,4
"6697",2,3,4
"6698",2,3,4
"6699",2,3,4
"6700",2,2,2
"6701",2,2,2
"6702",2,2,2
"6703",2,2,2
"6704",2,2,2
"6705",2,2,2
"6706",2,2,4
"6707",2,2,4
